,id,rank,Country,Continent,Infection_Risk,Case_Fatality_Rate,Test_Percentage,Recovery_Proporation,TotalCases,NewCases,TotalDeaths,NewDeaths,TotalRecovered,NewRecovered,ActiveCases,TotalTests,Population,one_Caseevery_X_ppl,one_Deathevery_X_ppl,one_Testevery_X_ppl,Deaths_1M_pop,Serious_Critical,Tests_1M_Pop,TotCases_1M_Pop
0,63492a0f-56d7-4c00-9ac1-d64fd5414029,0,Total:,All,0.0,1.28,0.0,86.33,479281013,1434011,6137417,3981,413763232,928024,59380364,0,0,0,0,0,787.4,59490,0,61487.3
1,40f44943-8413-4a31-a4df-deee8111f85f,0,World,All,0.0,1.28,0.0,86.33,479281013,1434011,6137417,3981,413763232,928024,59380364,0,0,0,0,0,787.4,59490,0,61487.0
2,be02608d-a52f-4586-ae9b-220dee7daaf1,1,USA,North America,24.4,1.23,292.38,78.38,81577789,11781,1002680,354,63940256,115862,16634853,977550253,334347663,4,333,0,2999.0,2621,2923754,243991.0
3,f6ecf8d7-5867-42dc-9290-24fda4cb14f0,2,India,Asia,3.07,1.2,55.98,98.75,43016372,0,516785,0,42478087,0,21500,785644225,1403383978,33,2716,2,368.0,8944,559821,30652.0
4,338a3103-483a-4292-9559-1aac2ed47a90,3,Brazil,South America,13.85,2.21,29.64,95.32,29802257,34576,658566,199,28407457,0,736234,63776166,215163281,7,327,3,3061.0,8318,296408,138510.0
5,911f9162-c39d-4e1c-9768-4d147cce2604,4,France,Europe,37.82,0.57,387.82,92.29,24779882,143571,141564,121,22870555,53554,1767763,254106036,65522434,3,463,0,2161.0,1564,3878153,378189.0
6,6b196012-2ecd-45e8-aac2-9379e5300894,5,UK,Europe,30.21,0.79,730.96,90.78,20691123,39925,164454,172,18783177,24952,1743492,500714605,68500576,3,417,0,2401.0,302,7309641,302058.0
7,4be614b7-9865-4e78-a841-7dca20abd314,6,Germany,Europe,23.76,0.64,124.28,77.52,20018465,276746,128757,300,15518700,189700,4371008,104701826,84245647,4,654,1,1528.0,2494,1242816,237620.0
8,8d1ed383-8d38-4bf0-9931-ed46922de1a4,7,Russia,Europe,12.13,2.07,187.21,93.4,17715390,25382,366618,398,16545758,61860,803014,273400000,146042306,8,398,1,2510.0,2300,1872060,121303.0
9,a30588f4-4e4b-4e3b-92b2-1baeb341682e,8,Turkey,Asia,17.2,0.66,177.12,97.62,14775634,15303,97666,68,14423782,18965,254186,152146925,85902862,6,880,1,1137.0,975,1771151,172004.0
10,55dd283b-20e8-49ac-96f9-774f05abdfa9,9,Italy,Europe,23.59,1.11,328.54,90.13,14229495,75616,158582,146,12824463,75604,1246450,198135632,60308605,4,380,0,2630.0,447,3285363,235945.0
11,63ceffad-0f5b-4c16-9ac6-9a3e037159ab,10,Spain,Europe,24.48,0.89,1006.79,93.92,11451676,24298,102392,113,10755608,16147,593676,471036328,46785988,4,457,0,2189.0,510,10067893,244767.0
12,bc4902f3-885b-4666-bbae-a159b53c831b,11,S. Korea,Asia,21.74,0.13,30.78,0.0,11162232,339396,14294,392,11147938,0,0,15804065,51345227,5,3592,3,278.0,1085,307800,217396.0
13,7b0615b0-8cf9-43f0-82a9-55f99f273ff2,12,Argentina,South America,19.66,1.42,76.75,97.87,9023812,2572,127846,66,8831906,4092,64060,35236575,45910441,5,359,1,2785.0,607,767507,196553.0
14,de1a2462-a817-4b62-839f-9c0f5f717eda,13,Vietnam,Asia,8.7,0.49,84.02,56.12,8599751,0,42145,0,4826024,0,3731582,83048614,98847807,11,2345,1,426.0,3650,840166,87000.0
15,7d4fc69a-8af7-4d94-8b6e-61be6d099a90,14,Netherlands,Europe,44.77,0.28,122.72,80.15,7700715,34989,21871,20,6171925,40554,1506919,21107399,17200213,2,786,1,1272.0,156,1227159,447710.0
16,fa5c2b0a-f283-406a-9d80-2ec4c1309a62,15,Iran,Asia,8.33,1.96,57.07,95.79,7147407,1530,139917,52,6846230,4127,161260,48991010,85845294,12,614,2,1630.0,1707,570690,83259.0
17,905d7fab-0083-4209-8a10-61f8b3e74994,16,Japan,Asia,4.96,0.44,33.8,92.49,6238879,49063,27485,129,5770149,42125,441245,42521015,125809201,20,4577,3,218.0,733,337980,49590.0
18,f90f48b5-e45e-4039-b963-64af3ef07a1c,17,Colombia,South America,11.74,2.29,65.21,97.25,6082943,366,139544,13,5915963,890,27436,33791079,51817422,9,371,2,2693.0,342,652118,117392.0
19,2ff2436f-a569-44bf-ba29-083ad4f81f70,18,Indonesia,Asia,2.15,2.58,32.76,94.99,5991687,4857,154463,120,5691220,14710,146004,91247204,278507531,46,1803,3,555.0,2771,327629,21514.0
20,6450f181-d69f-44f8-9707-e16ef455de60,19,Poland,Europe,15.71,1.93,93.57,88.95,5933107,8241,114736,110,5277322,7325,541049,35344642,37775174,6,329,1,3037.0,358,935658,157064.0
21,6d301ced-1214-48a3-952e-ffc655c8c284,20,Mexico,North America,4.3,5.71,11.8,87.55,5643963,3658,322432,155,4941341,3699,380190,15490465,131266967,23,407,8,2456.0,4798,118007,42996.0
22,6c1e2aef-eb2e-4cf7-9382-ed1358459d13,21,Ukraine,Europe,11.44,2.18,45.1,0.0,4952913,3630,107811,32,4845102,0,0,19521252,43280972,9,401,2,2491.0,177,451035,114436.0
23,16766eed-520b-48d0-b7a1-f268b1b95520,22,Australia,Australia/Oceania,16.07,0.14,253.04,88.31,4180377,58235,5850,26,3691688,0,482839,65815062,26009686,6,4446,0,225.0,96,2530406,160724.0
24,e104cdc2-f1cc-45de-a101-fc1d50310e23,23,Malaysia,Asia,12.4,0.85,164.5,92.58,4101081,21839,34717,53,3796975,0,269389,54416437,33080501,8,953,1,1049.0,291,1644970,123973.0
25,d16f103a-0088-436d-bac6-0a29535520f9,24,Israel,Asia,41.13,0.27,443.63,97.88,3835700,17635,10460,5,3754540,19976,70700,41373364,9326000,2,892,0,1122.0,300,4436346,411291.0
26,05633ff1-5dc7-49f6-b72a-2052c46ec3e1,25,Czechia,Europe,35.16,1.05,507.5,96.98,3776874,7174,39495,12,3662938,13129,74441,54521816,10743221,3,272,0,3676.0,103,5074997,351559.0
27,fe31ac25-e0fe-49e9-a802-f00e0ed703d4,26,Belgium,Europe,32.3,0.81,279.14,92.54,3771233,13457,30662,27,3489933,8326,250638,32594459,11676549,3,381,0,2626.0,172,2791446,322975.0
28,d2c89dbe-ab3b-4178-8d7d-1c908d7471c8,27,South Africa,Africa,6.12,2.69,39.11,96.93,3710766,1557,99939,7,3596991,1479,13836,23701064,60597103,16,606,3,1649.0,546,391125,61237.0
29,f0e6ea86-a22d-405c-a0c7-63dbb2a2c03f,28,Philippines,Asia,3.28,1.6,25.7,97.2,3676230,411,58831,60,3573250,773,44149,28807213,112094015,30,1905,4,525.0,289,256992,32796.0
30,3648e894-a54c-41c8-8abf-4994e7b2b79c,29,Austria,Europe,40.3,0.43,1901.11,87.57,3665003,37910,15619,40,3209448,40562,439936,172904852,9094959,2,582,0,1717.0,240,19011064,402971.0
31,c5905947-ac1b-4bbb-8985-e794bb6ab6c3,30,Peru,South America,10.5,5.98,84.11,0.0,3543790,0,212022,0,3331768,0,0,28399228,33763193,10,159,1,6280.0,527,841130,104960.0
32,b012c316-0e20-4bfe-9ce2-edf9dcca2f0b,31,Thailand,Asia,4.96,0.71,24.64,92.27,3477030,26050,24651,69,3208271,22219,244108,17270775,70101829,20,2844,4,352.0,1496,246367,49600.0
33,9fb86a08-d197-4fcb-b08a-bebbe5f6c642,32,Portugal,Europe,34.09,0.62,391.64,0.0,3458727,0,21408,0,3437319,0,0,39734174,10145471,3,474,0,2110.0,66,3916444,340913.0
34,e25f14b6-e3e8-4944-bef8-81d695a18188,33,Canada,North America,8.97,1.09,154.37,94.98,3436187,6344,37409,49,3263668,3283,135110,59142418,38312403,11,1024,1,976.0,409,1543689,89689.0
35,4a532c8d-46b7-45ea-b6a4-eb4966239356,34,Chile,South America,17.71,1.64,180.9,83.47,3434908,8761,56222,75,2867073,27134,511613,35092861,19398973,6,345,1,2898.0,707,1809006,177066.0
36,1653a805-d080-4261-8e3f-dd2c7fef64bf,35,Switzerland,Europe,38.84,0.4,233.84,79.65,3403549,11188,13646,2,2710844,16968,679059,20493186,8763693,3,642,0,1557.0,150,2338419,388369.0
37,311c2c2c-2484-42eb-a30b-e163a001a74e,36,Greece,Europe,28.06,0.94,702.76,89.94,2900334,16234,27160,35,2608489,11944,264685,72632740,10335314,4,381,0,2628.0,346,7027628,280624.0
38,9aa3efef-70e8-4d44-bb06-5113e05a298a,37,Denmark,Europe,49.58,0.19,2173.68,96.59,2889288,5351,5542,24,2790902,13004,92844,126668057,5827355,2,1051,0,951.0,19,21736801,495815.0
39,4a525969-421a-4975-ae32-bfca080f31ec,38,Romania,Europe,14.91,2.29,115.29,91.92,2835749,3725,64867,32,2606660,0,164222,21924341,19016536,7,293,1,3411.0,415,1152909,149120.0
40,1846091c-6ef4-4641-8231-afcf4a6a77b6,39,Sweden,Europe,24.31,0.73,180.09,97.38,2481736,0,18155,0,2416719,0,46862,18382831,10207790,4,562,1,1779.0,32,1800863,243122.0
41,7d322f05-e02b-40f5-bd69-577adea222a3,40,Iraq,Asia,5.55,1.09,43.75,98.29,2317498,370,25145,7,2277871,746,14482,18278080,41776904,18,1661,2,602.0,62,437516,55473.0
42,cc09f3b8-9fd0-44ca-859c-ad9524bf9f28,41,Serbia,Europe,22.66,0.8,104.97,97.26,1966078,1949,15737,10,1912122,2222,38219,9108141,8676719,4,551,1,1814.0,42,1049722,226592.0
43,c41513ff-6514-470a-b9f1-ff13a051cad2,42,Bangladesh,Asia,1.16,1.49,8.22,96.15,1951174,102,29118,0,1876148,1268,45908,13772647,167516707,86,5753,12,174.0,1264,82217,11648.0
44,d1e5413c-287a-449f-bd0d-6bfc56d0b365,43,Hungary,Europe,19.12,2.46,114.92,92.06,1839358,2439,45258,38,1693393,3933,100707,11053112,9618077,5,213,1,4706.0,70,1149202,191240.0
45,802162af-bec2-4b62-849e-4ecbf1d9c380,44,Jordan,Asia,16.28,0.83,159.72,98.79,1689314,0,14003,0,1668852,0,6459,16575546,10377676,6,741,1,1349.0,276,1597231,162783.0
46,785cd61b-3f21-4b2c-958a-ea07ecdad12c,45,Slovakia,Europe,30.65,1.15,124.41,91.8,1674586,8104,19229,20,1537224,9899,118133,6798172,5464200,3,284,1,3519.0,186,1244129,306465.0
47,81672076-33c2-48e4-81d2-db6ce456cc78,46,Georgia,Asia,41.38,1.01,409.55,97.96,1645301,590,16698,10,1611688,3247,16915,16283777,3975970,2,238,0,4200.0,0,4095548,413811.0
48,935ff8a6-77f1-4114-9403-9cbb7fa9cb99,47,Pakistan,Asia,0.67,1.99,11.96,97.46,1523401,329,30336,3,1484718,42,8347,27297869,228280137,150,7525,8,133.0,446,119581,6673.0
49,aed73591-ee4f-4d22-a0f3-3d025d0b7821,48,Ireland,Europe,28.27,0.47,232.97,89.78,1422945,9147,6710,17,1277486,4113,138749,11724746,5032827,4,750,0,1333.0,55,2329654,282733.0
50,4d14f059-2c26-4982-8132-fcc9a3e1deb3,49,Norway,Europe,25.35,0.17,179.31,0.0,1393061,0,2339,0,1390722,0,0,9852076,5494292,4,2349,1,426.0,20,1793148,253547.0
51,d1fc1231-ca5a-4f3c-b4cb-4770cdf15a98,50,Kazakhstan,Asia,6.81,1.05,60.4,98.54,1304983,22,13657,1,1285974,645,5352,11575012,19163698,15,1403,2,713.0,528,604007,68097.0
52,75159d96-aba5-49fc-96a1-34fa22ef4770,51,Morocco,Africa,3.09,1.38,29.83,98.57,1162841,77,16056,0,1146202,65,583,11237010,37664392,32,2346,3,426.0,293,298346,30874.0
53,a2f0283a-7995-4463-889c-5bfef1e7796d,52,Bulgaria,Europe,16.51,3.22,139.08,80.08,1132398,1333,36425,29,906769,2133,189204,9538215,6858307,6,188,1,5311.0,235,1390754,165113.0
54,5de37feb-3a9b-42d2-8c09-345c543829a7,53,Hong Kong,Asia,14.62,0.63,477.0,0.0,1111629,10405,6962,192,1104667,0,0,36260319,7601795,7,1092,0,916.0,115,4769968,146232.0
55,28cc8b8a-2bf8-43a0-935a-02226843eecb,54,Croatia,Europe,26.87,1.42,114.48,97.56,1091511,1815,15495,10,1064830,2067,11186,4649565,4061639,4,262,1,3815.0,43,1144751,268737.0
56,49bd08ef-9b3b-49c0-b8e6-fa7816ff0700,55,Lebanon,Asia,16.1,0.94,70.81,96.01,1090208,378,10272,5,1046728,3743,33208,4795578,6772770,6,659,1,1517.0,186,708067,160969.0
57,e3509c74-070d-4629-b48e-478afa585c60,56,Cuba,North America,9.59,0.78,114.19,98.88,1085404,836,8508,0,1073210,695,3686,12920253,11314701,10,1330,1,752.0,23,1141900,95929.0
58,f7c6cb29-752b-4f13-b419-813680ad7e12,57,Singapore,Asia,17.89,0.12,395.93,95.16,1060723,7584,1239,13,1009408,0,50076,23477384,5929631,6,4786,0,209.0,28,3959333,178885.0
59,eea4bad6-f826-4771-b1e4-d43b3124a0de,58,Tunisia,Africa,8.59,2.72,37.41,0.0,1033731,0,28165,0,1005566,0,0,4500701,12031715,12,427,3,2341.0,63,374070,85917.0
60,1fe0506d-1912-462f-880b-04c8ebeae16c,59,Lithuania,Europe,38.01,0.87,301.75,92.33,1009756,3314,8804,13,932357,4408,68595,8016908,2656841,3,302,0,3314.0,66,3017459,380059.0
61,6743d550-56b6-4a61-9ef4-67cd895e11ef,60,Nepal,Asia,3.26,1.22,18.39,98.58,978309,12,11951,0,964398,271,1960,5523877,30039531,31,2514,5,398.0,100,183887,32567.0
62,885c537d-9654-4502-8a5d-81bd424a659c,61,Belarus,Europe,10.13,0.71,135.43,97.02,957088,1488,6767,8,928536,0,21785,12790271,9443966,10,1396,1,717.0,0,1354333,101344.0
63,b9e72506-ad28-4266-8ab3-57bbb16ae65d,62,Slovenia,Europe,45.8,0.68,125.35,95.35,952479,2802,6469,8,908172,2246,37838,2606633,2079430,2,321,1,3111.0,49,1253532,458048.0
64,5b87d5fe-3ba9-42e8-bb88-09ae079e1fcb,63,Bolivia,South America,7.54,2.39,22.45,91.67,900845,288,21487,3,825786,1866,53572,2682016,11947363,13,556,4,1798.0,220,224486,75401.0
65,5d7de038-91f5-4150-b3f0-ecb490d78997,64,UAE,Asia,8.81,0.26,1449.36,96.85,889456,348,2302,0,861395,882,25759,146331326,10096302,11,4386,0,228.0,0,14493557,88097.0
66,6a4f1e2a-ae9b-4d53-8966-3364c7e486ec,65,Uruguay,South America,25.22,0.81,169.93,98.12,881152,0,7147,0,864614,0,9391,5938278,3494477,4,489,1,2045.0,40,1699332,252156.0
67,f86d0349-d502-4895-bf64-3364728f10c0,66,Ecuador,South America,4.72,4.14,13.64,0.0,855314,0,35413,0,819901,0,0,2470170,18104609,21,511,7,1956.0,759,136439,47243.0
68,dc7c0e8c-ad34-446d-a695-59fe62ef8c2d,67,Finland,Europe,15.2,0.35,185.96,5.45,844713,10675,2985,34,46000,0,795728,10331340,5555554,7,1861,1,537.0,32,1859642,152048.0
69,bb6306c0-534b-4377-9027-c92d4338c384,68,Costa Rica,North America,16.12,0.99,75.64,94.31,833909,0,8263,0,786453,0,39193,3913872,5174277,6,626,1,1597.0,72,756409,161164.0
70,c2273b77-1484-454b-a2a4-42478d4847df,69,Guatemala,North America,4.45,2.1,22.67,96.26,823145,1311,17274,7,792328,2248,13543,4191788,18486425,22,1070,4,934.0,5,226750,44527.0
71,0945c7b4-d129-4deb-9c5e-803aa859e387,70,Azerbaijan,Asia,7.69,1.22,64.87,98.72,791654,50,9675,3,781528,134,451,6679287,10296661,13,1064,2,940.0,0,648685,76885.0
72,681d9074-d938-4db5-935b-c3468192b7a5,71,Latvia,Europe,42.53,0.71,379.24,91.68,786974,2819,5569,10,721486,0,59919,7016881,1850264,2,332,0,3010.0,32,3792367,425331.0
73,21d1365d-9bc7-4624-a17d-c30d5b86a35f,72,Panama,North America,17.21,1.07,127.71,98.57,762735,0,8160,0,751821,0,2754,5659857,4431782,6,543,1,1841.0,10,1277106,172106.0
74,8322c6dd-f9f8-4061-bf31-a64e1ba32344,73,Saudi Arabia,Asia,2.1,1.2,115.95,97.7,750179,99,9036,2,732939,198,8204,41451248,35747922,48,3956,1,253.0,142,1159543,20985.0
75,79b25104-b717-4a88-a9f8-deb868ddf519,74,Sri Lanka,Asia,3.06,2.49,29.53,96.43,660633,234,16452,2,637056,45,7125,6368159,21567981,33,1311,3,763.0,0,295260,30630.0
76,3a31a649-913a-4832-a625-b9ea1fc659c6,75,Paraguay,South America,8.89,2.87,35.41,96.34,647672,0,18608,0,623980,0,5084,2579054,7283499,11,391,3,2555.0,45,354095,88923.0
77,d6f78add-5ba5-4a09-9207-f7ec95db5e61,76,Kuwait,Asia,14.34,0.41,177.27,99.24,628130,0,2553,0,623331,0,2246,7763313,4379382,7,1715,1,583.0,10,1772696,143429.0
78,656a97f0-ebc6-49bd-8aca-ba2b36ef2e5f,77,Myanmar,Asia,1.11,3.18,13.77,92.93,610493,317,19428,0,567322,484,23743,7576924,55038390,90,2833,7,353.0,0,137666,11092.0
79,d4008e11-6975-4ea6-a9d0-aa571c2604aa,78,Palestine,Asia,10.95,0.92,58.02,98.84,580873,0,5345,0,574144,0,1384,3078533,5305634,9,993,2,1007.0,17,580238,109482.0
80,4b172cda-eece-4d9d-959d-5d9bd0152a7a,79,Dominican Republic,North America,5.23,0.76,29.08,99.17,577673,0,4375,0,572853,0,445,3208952,11035363,19,2522,3,396.0,24,290788,52347.0
81,ff0aaa9f-fc0e-4469-a70f-cece3c15fbb2,80,New Zealand,Australia/Oceania,11.46,0.04,138.0,78.92,573244,15914,201,9,452418,14149,120625,6902982,5002100,9,24886,1,40.0,0,1380017,114601.0
82,8ffed1e8-55da-40c5-ba55-c8217745b6d4,81,Estonia,Europe,41.4,0.44,242.7,84.87,549793,1462,2429,6,466612,2875,80752,3223248,1328072,2,547,0,1829.0,14,2427013,413978.0
83,0d159598-c97e-485c-a17b-a34a82ae29bd,82,Bahrain,Asia,30.48,0.27,530.92,98.27,549718,852,1468,2,540201,988,8049,9574487,1803370,3,1228,0,814.0,6,5309219,304828.0
84,a4bf948e-feab-40c2-a4f3-8f1845227cb0,83,Venezuela,South America,1.84,1.09,11.87,98.49,519943,0,5674,0,512090,0,2179,3359014,28297087,54,4987,8,201.0,230,118705,18374.0
85,40ec322d-781b-4601-a88e-ea02e883d286,84,Moldova,Europe,12.74,2.23,78.02,97.09,512047,385,11409,1,497127,346,3511,3134692,4017805,8,352,1,2840.0,43,780200,127444.0
86,7fbd3cf9-04e1-4ecf-8187-7c1a53fcdd39,85,Libya,Africa,7.13,1.28,35.11,97.53,501420,41,6397,5,489010,287,6013,2468985,7032278,14,1099,3,910.0,111,351093,71303.0
87,7844e28f-fac5-4139-9e38-10524822bcc6,86,Egypt,Africa,0.47,4.86,3.5,85.89,500889,0,24361,0,430198,0,46330,3693367,105659029,211,4337,29,231.0,122,34956,4741.0
88,8b530d04-0043-48cc-938c-71395833398f,87,Ethiopia,Africa,0.39,1.6,3.86,91.83,469604,60,7491,0,431244,1975,30869,4628640,119867108,255,16001,26,62.0,14,38615,3918.0
89,75989859-6f57-4c6a-82de-9134e3698840,88,Mongolia,Asia,13.89,0.47,119.61,66.95,467884,103,2177,0,313256,0,152451,4030048,3369238,7,1548,1,646.0,192,1196130,138869.0
90,f281c4d9-4a39-44d4-baa9-8deb858d73cb,89,Armenia,Asia,14.21,2.04,99.64,96.99,422423,22,8607,3,409693,58,4123,2961990,2972788,7,345,1,2895.0,0,996368,142097.0
91,06e13c04-2cd2-4b58-89c9-bf5e9673e7de,90,Honduras,North America,4.11,2.6,12.41,31.33,418492,0,10869,0,131100,0,276523,1263329,10175991,24,936,8,1068.0,105,124148,41125.0
92,f2bd16b1-2a21-42c3-ba7a-62e372619ba6,91,Cyprus,Asia,32.76,0.23,775.22,31.05,400534,3329,930,3,124370,0,275234,9477138,1222505,3,1315,0,761.0,60,7752228,327634.0
93,0c7482a0-3655-48e5-a002-ea7e84e9a5e0,92,Oman,Asia,7.28,1.1,469.02,98.46,387922,0,4250,0,381949,0,1723,25000000,5330255,14,1254,0,797.0,15,4690207,72777.0
94,6f12c131-ea0a-4953-9249-e3a16555b940,93,Bosnia and Herzegovina,Europe,11.55,4.19,53.33,51.28,374810,114,15702,7,192218,0,166890,1730820,3245651,9,207,2,4838.0,0,533274,115481.0
95,d7b5b1f3-7613-497f-ad47-659c3e7b274f,94,Qatar,Asia,12.84,0.19,121.23,99.49,360619,122,677,0,358789,103,1153,3404009,2807805,8,4147,1,241.0,1,1212338,128434.0
96,07e7a02c-dadf-46fd-b333-03cf9576b9e3,95,Réunion,Africa,36.1,0.21,173.16,96.07,327189,0,702,0,314338,0,12149,1569429,906323,3,1291,1,775.0,41,1731644,361007.0
97,4d0b4ae2-5c78-4099-83c1-106807cc3ca4,96,Kenya,Africa,0.58,1.75,6.26,98.22,323350,17,5647,0,317581,0,122,3491411,55811127,173,9883,16,101.0,1,62558,5794.0
98,8be534c1-1507-4eaa-a2a7-d3ddfecd8b35,97,Zambia,Africa,1.64,1.25,17.36,98.48,316422,110,3966,1,311600,119,856,3344541,19270361,61,4859,6,206.0,1,173559,16420.0
99,a4a08077-a4ec-4cca-a3f9-da0271e814a2,98,North Macedonia,Europe,14.62,3.02,91.42,96.33,304648,322,9197,6,293479,308,1972,1904444,2083227,7,227,1,4415.0,0,914180,146239.0
100,fddf0a3a-754d-4938-bf36-23233f4a20ff,99,Albania,Europe,9.52,1.28,61.69,98.55,273318,61,3490,1,269365,58,463,1771945,2872382,11,823,2,1215.0,13,616890,95154.0
101,c1312566-0372-4b3f-b856-2ab3f468b8f2,100,Algeria,Africa,0.59,2.59,0.51,67.1,265612,13,6873,0,178235,10,80504,230861,45215035,170,6579,196,152.0,5,5106,5874.0
102,b9dfb35b-fcd7-4235-88db-3164f085fe32,101,Botswana,Africa,10.85,0.99,83.29,98.29,263950,0,2619,0,259434,0,1897,2026898,2433408,9,929,1,1076.0,1,832946,108469.0
103,97dd3c39-1d10-44f7-b8db-6719494b8cd1,102,Nigeria,Africa,0.12,1.23,2.2,97.74,255244,0,3142,0,249486,0,2616,4726096,214937335,842,68408,45,15.0,11,21988,1188.0
104,09427c33-6194-4989-a06e-4d6d52518b06,103,Zimbabwe,Africa,1.61,2.21,14.25,96.18,245467,0,5434,0,236096,0,3937,2170726,15235687,62,2804,7,357.0,12,142476,16111.0
105,c0e96d03-21df-42c0-a932-ec088d305cba,104,Uzbekistan,Asia,0.69,0.69,4.02,99.04,237542,9,1637,0,235265,41,640,1377915,34304898,144,20956,25,48.0,23,40167,6924.0
106,e4a3c6fe-8601-48ca-b352-666fda42efef,105,Montenegro,Europe,37.03,1.16,191.58,98.56,232626,65,2698,0,229269,113,659,1203523,628203,3,233,1,4295.0,6,1915819,370304.0
107,11b1c43d-0f5c-4503-855a-6bc5588790e2,106,Mozambique,Africa,0.69,0.98,3.94,98.59,225231,8,2200,0,222055,10,976,1292315,32763034,145,14892,25,67.0,13,39444,6875.0
108,a1f7abfd-5e25-4c08-955a-c61a8ad19665,107,Luxembourg,Europe,32.36,0.49,643.66,91.17,208223,2179,1025,2,189841,1172,17357,4142082,643522,3,628,0,1593.0,3,6436582,323568.0
109,a173c7c0-6c68-4505-a21e-303b977f4432,108,Kyrgyzstan,Asia,2.99,1.49,28.42,97.65,200857,10,2983,1,196143,14,1731,1907195,6709625,33,2249,4,445.0,131,284248,29936.0
110,4fd8c9f5-b433-4ae4-b8a0-3b04a1841304,109,Iceland,Europe,51.7,0.05,542.24,42.43,178385,831,97,2,75685,0,102603,1871047,345060,2,3557,0,281.0,3,5422382,516968.0
111,a22a19dd-cd37-4b17-bb78-214d939dcba6,110,Afghanistan,Asia,0.44,4.32,2.26,90.46,177321,0,7657,0,160402,0,9262,914608,40438174,228,5281,44,189.0,1124,22617,4385.0
112,3aae6f72-2cd7-423d-9e01-c89c936d9d98,111,Maldives,Asia,31.36,0.17,397.5,93.72,174658,0,297,0,163687,0,10674,2213831,556944,3,1875,0,533.0,25,3974962,313601.0
113,a07df09d-690a-4ca7-8d76-0b01a071ea51,112,Laos,Asia,2.2,0.4,13.58,4.67,164078,2212,654,2,7660,0,155764,1012890,7457452,45,11403,7,88.0,0,135823,22002.0
114,38c9ecad-032b-490b-b53d-3926970e07e3,113,Uganda,Africa,0.34,2.19,5.26,61.14,163830,13,3595,0,100163,6,60072,2538717,48227562,294,13415,19,75.0,7,52640,3397.0
115,0eabfcba-af61-47f8-9054-217d94a00c7d,114,El Salvador,North America,2.46,2.56,28.24,87.64,161052,0,4115,0,141145,0,15792,1847861,6542607,41,1590,4,629.0,45,282435,24616.0
116,45d2c117-d4d7-4ad4-92c2-a18419a2ac40,115,Ghana,Africa,0.5,0.9,7.46,99.05,160894,0,1445,0,159359,0,90,2401739,32190054,200,22277,13,45.0,1,74611,4998.0
117,30371056-ab76-408a-ab94-6e90ea8d6727,116,Namibia,Africa,6.01,2.55,37.34,97.15,157566,0,4017,0,153069,0,480,978352,2620170,17,652,3,1533.0,3,373393,60136.0
118,b191f56d-eaf8-4a97-b1d3-e220e20aa686,117,Martinique,North America,37.73,0.64,215.59,0.07,141415,0,909,0,104,0,140402,807954,374763,3,412,0,2426.0,8,2155907,377345.0
119,b1c7dda7-4fd3-4c84-9385-4a67aae6d0af,118,Trinidad and Tobago,North America,9.7,2.73,47.36,90.18,136561,341,3729,2,123155,0,9677,666494,1407298,10,377,2,2650.0,18,473598,97038.0
120,f01f73fb-71ea-4624-b07e-e86ac91bc8aa,119,Cambodia,Asia,0.79,2.26,17.05,97.02,135344,59,3054,0,131313,97,977,2919136,17117618,126,5605,6,178.0,0,170534,7907.0
121,30ac458c-b000-48f2-abc7-7c4c1c3e590c,120,Guadeloupe,North America,32.66,0.64,234.37,1.72,130705,0,843,0,2250,0,127612,938039,400242,3,475,0,2106.0,19,2343680,326565.0
122,c784559e-003a-490b-9753-4b23ee5fdb39,121,Brunei,Asia,29.2,0.15,161.41,92.86,129837,756,200,0,120561,1581,9076,717784,444697,3,2223,1,450.0,10,1614097,291967.0
123,1f86fa0e-6fd9-4730-87fd-0ddbc0f36c5a,122,Rwanda,Africa,0.96,1.12,37.49,35.1,129706,1,1458,0,45522,0,82726,5063326,13505082,104,9263,3,108.0,0,374920,9604.0
124,6441ca62-ed56-432f-b0c0-3024122e2588,123,Jamaica,North America,4.31,2.23,30.43,62.6,128607,0,2874,0,80504,0,45229,907881,2983441,23,1038,3,963.0,25,304307,43107.0
125,34f83a43-85ad-481a-a2ee-85187b17353c,124,Cameroon,Africa,0.43,1.61,6.33,98.25,119544,0,1927,0,117455,0,162,1751774,27683695,232,14366,16,70.0,13,63278,4318.0
126,b50812db-56f1-447e-968b-526934c83624,125,Angola,Africa,0.29,1.92,4.3,97.93,99081,0,1900,0,97034,0,147,1487871,34626147,349,18224,23,55.0,0,42970,2861.0
127,cd1dfb64-b4f2-4661-b570-66a98c26eeb1,126,DRC,Africa,0.09,1.54,0.9,58.8,86611,13,1335,0,50930,0,34346,846704,94248614,1088,70598,111,14.0,0,8984,919.0
128,35347f67-6496-45b8-b013-622e97792c33,127,Senegal,Africa,0.49,2.29,5.93,97.67,85854,12,1964,0,83854,9,36,1037803,17503653,204,8912,17,112.0,1,59291,4905.0
129,b7cb925f-fc60-4ed0-b0d8-fd0a77dae164,128,Malawi,Africa,0.43,3.07,2.8,91.89,85596,10,2626,0,78653,90,4317,559340,19981103,233,7609,36,131.0,67,27993,4284.0
130,bbfdfb8a-1a86-4ad2-a36c-38f6c9cbf0c4,129,Ivory Coast,Africa,0.3,0.97,5.32,98.99,81680,0,796,0,80854,0,30,1462170,27503052,337,34552,19,29.0,0,53164,2970.0
131,93bf229f-1445-4ce5-aa0a-63c907479092,130,Suriname,South America,13.28,1.67,39.41,62.41,79112,12,1324,0,49374,2,28414,234738,595690,8,450,3,2223.0,0,394061,132807.0
132,80ba148c-004a-40fa-8304-1b4195fc4a28,131,French Guiana,South America,25.21,0.5,195.27,14.31,78649,0,394,0,11254,0,67001,609252,312012,4,792,1,1263.0,4,1952656,252070.0
133,90d0759a-ecb8-4dd3-9312-e8f952e2834f,132,Malta,Europe,17.21,0.82,273.11,93.94,76357,465,627,1,71728,127,4002,1211456,443570,6,707,0,1414.0,3,2731150,172142.0
134,6b425e6c-2b37-480f-bfe9-3531d926ef63,133,French Polynesia,Australia/Oceania,25.33,0.9,0.0,0.0,71868,0,646,0,71222,0,0,0,283706,4,439,0,2277.0,7,0,253319.0
135,5f88cfd7-6a96-4234-86e2-050ea154a08d,134,Eswatini,Africa,5.9,2.0,42.2,97.92,69658,25,1393,0,68209,10,56,498378,1180863,17,848,2,1180.0,11,422046,58989.0
136,797ccfb3-faf9-46fe-8e11-db4c9ea50700,135,Channel Islands,Europe,37.17,0.23,700.51,90.3,65644,0,149,0,59275,0,6220,1237263,176624,3,1185,0,844.0,0,7005067,371660.0
137,7b513adb-ea2d-490b-a0d5-8f9f7af33ddc,136,Fiji,Australia/Oceania,7.09,1.3,55.55,97.17,64376,5,834,0,62557,14,985,504187,907639,14,1088,2,919.0,0,555493,70927.0
138,e13ba956-f90f-4d60-a37f-4dfe17710fe1,137,Madagascar,Africa,0.22,2.16,1.41,92.64,63928,0,1380,0,59225,0,3323,407670,28916771,452,20954,71,48.0,19,14098,2211.0
139,d53fe90c-410d-4315-a7ba-941fab44867d,138,Guyana,South America,7.97,1.94,70.85,97.88,63208,0,1226,0,61865,0,117,561899,793093,13,647,1,1546.0,1,708491,79698.0
140,7d476ff7-09ba-4720-a954-8116aa4732af,139,Sudan,Africa,0.14,7.92,1.23,0.0,61862,0,4900,0,56962,0,0,562941,45612338,737,9309,81,107.0,0,12342,1356.0
141,0bc14339-2009-4132-a9f6-2a27ed8dd533,140,New Caledonia,Australia/Oceania,20.73,0.52,34.1,98.53,60167,32,310,0,59280,195,577,98964,290228,5,936,3,1068.0,14,340987,207309.0
142,34e08b74-4426-4f8f-ba04-2ad3268d57ed,141,Mauritania,Africa,1.21,1.67,15.93,98.32,58665,0,981,0,57677,1,7,774423,4860092,83,4954,6,202.0,0,159343,12071.0
143,c8f46d40-0f9b-4a75-bbca-97461b78c8b8,142,Barbados,North America,20.18,0.57,210.47,97.88,58128,0,329,0,56897,0,902,606118,287981,5,875,0,1142.0,0,2104715,201847.0
144,c6f18a23-8f0d-43b2-9824-43841ad9e91b,143,Belize,North America,13.95,1.14,126.29,98.29,57212,0,654,0,56236,0,322,517873,410062,7,627,1,1595.0,6,1262914,139520.0
145,1b4c6f13-6569-42c4-ac46-70aac0a61cf1,144,Cabo Verde,Africa,9.88,0.72,70.8,99.15,55945,4,401,0,55471,3,73,400982,566393,10,1412,1,708.0,23,707957,98774.0
146,86c418c9-9bad-4c05-90a0-31f87650ee52,145,Syria,Asia,0.31,5.63,0.8,92.27,55623,0,3130,0,51323,0,1170,146269,18232731,328,5825,125,172.0,0,8022,3051.0
147,9151888a-1e30-41cf-83ac-6b30b75199ba,146,Gabon,Africa,2.05,0.64,68.55,99.33,47584,0,303,0,47263,0,18,1587821,2316173,49,7644,1,131.0,0,685536,20544.0
148,1d10595e-15e7-4d0f-a990-6b45b1af1120,147,Papua New Guinea,Australia/Oceania,0.45,1.54,2.7,96.08,41533,0,639,0,39905,0,989,249149,9238953,222,14458,37,69.0,7,26967,4495.0
149,d7bf6e66-1301-41b6-abef-9d561247123d,148,Seychelles,Africa,40.23,0.41,0.0,98.94,39991,0,163,0,39566,0,262,0,99396,2,610,0,1640.0,0,0,402340.0
150,9390f297-9b1c-4460-9969-09162343cfaa,149,Curaçao,North America,24.12,0.66,299.0,98.1,39853,0,265,0,39097,0,491,494095,165249,4,624,0,1604.0,3,2990003,241169.0
151,3a152b44-2832-418e-853e-50a89cacf701,150,Andorra,Europe,51.26,0.39,322.46,97.88,39713,0,153,0,38871,0,689,249838,77478,2,506,0,1975.0,14,3224632,512571.0
152,7d567c91-c413-4427-b015-408a660c2fb7,151,Burundi,Africa,0.31,0.1,2.77,2.01,38406,0,38,0,773,0,37595,345742,12500437,325,328959,36,3.0,0,27658,3072.0
153,23047b40-5204-4d21-a200-b219d68f6fdc,152,Togo,Africa,0.43,0.74,8.28,99.12,36907,0,272,0,36581,0,54,713359,8612857,233,31665,12,32.0,0,82825,4285.0
154,ba51f892-30dd-43c5-a994-f70954fc88d5,153,Mayotte,Africa,12.93,0.51,62.26,8.07,36745,0,187,0,2964,0,33594,176919,284150,8,1520,2,658.0,0,622625,129316.0
155,110c186f-54e9-4114-8646-c55536cbf62c,154,Guinea,Africa,0.27,1.21,4.8,98.68,36459,0,440,0,35976,0,43,660107,13746113,377,31241,21,32.0,8,48021,2652.0
156,fd80c13b-96b1-49cb-8612-2fc3c13907fd,155,Mauritius,Africa,2.81,2.7,28.12,91.86,35850,97,968,0,32931,0,1951,358675,1275405,36,1318,4,759.0,0,281224,28109.0
157,2cd14646-419f-420e-83f3-004a8647ec65,156,Faeroe Islands,Europe,69.61,0.08,1581.85,22.47,34237,0,28,0,7693,0,26516,778000,49183,1,1757,0,569.0,5,15818474,696115.0
158,ebe06cac-5d5c-4fdd-bfe0-7fb7b27fbf19,157,Aruba,North America,31.55,0.62,165.4,99.22,33929,86,212,0,33663,72,54,177885,107547,3,507,1,1971.0,2,1654021,315481.0
159,10f44464-c1a6-4339-b9a7-cc76ca8596d2,158,Tanzania,Africa,0.05,2.37,0.0,0.0,33797,0,800,0,32997,0,0,0,62663424,1854,78329,0,13.0,7,0,539.0
160,26a055d8-a99d-4f17-9698-7ec229f92804,159,Bahamas,North America,8.32,2.37,56.41,96.76,33242,0,787,0,32166,0,289,225483,399719,12,508,2,1969.0,11,564104,83163.0
161,a5a50324-b8db-40ce-9a38-8c9f42b2257d,160,Lesotho,Africa,1.51,2.12,19.42,73.35,32880,0,697,0,24116,0,8067,421681,2171514,66,3116,5,321.0,0,194188,15142.0
162,fe9ceb47-3198-44a6-977f-ad8a1c678ed7,161,Haiti,North America,0.26,2.71,1.14,91.04,30511,0,827,0,27778,0,1906,132422,11642036,382,14077,88,71.0,0,11374,2621.0
163,3333f6e7-a25a-4047-89f1-54968028405f,162,Mali,Africa,0.14,2.39,3.03,97.22,30468,2,727,0,29620,5,121,644063,21255004,698,29237,33,34.0,0,30302,1433.0
164,1e9e5a58-50c9-4ff6-988d-2b7cdc2ae9c2,163,Isle of Man,Europe,31.85,0.3,175.69,92.45,27329,0,81,0,25267,0,1981,150753,85808,3,1059,1,944.0,0,1756864,318490.0
165,e2155710-14d8-4ee2-87c2-7d46c3ac1ef8,164,Benin,Africa,0.21,0.6,4.77,94.63,26952,0,163,0,25506,0,1283,604310,12669944,470,77730,21,13.0,5,47696,2127.0
166,ecade240-f4b1-4d06-b965-d48fa3c4486b,165,Somalia,Africa,0.16,5.11,2.4,49.93,26400,0,1348,0,13182,0,11870,400466,16656620,631,12357,42,81.0,0,24042,1585.0
167,bf5fe94d-de57-4ff8-b174-c1238e097c6c,166,Bhutan,Asia,3.09,0.04,264.57,87.6,24316,502,9,0,21301,588,3006,2080206,786248,32,87361,0,11.0,4,2645738,30927.0
168,c149304f-2523-4a3e-bc83-3d34d9c222e2,167,Congo,Africa,0.42,1.6,6.05,83.86,24062,0,384,0,20178,0,3500,347815,5751967,239,14979,17,67.0,0,60469,4183.0
169,cdb788e9-dee2-4809-993f-421c2223ef13,168,Saint Lucia,North America,12.38,1.59,75.53,98.28,22907,0,365,0,22512,0,30,139789,185073,8,507,1,1972.0,1,755318,123773.0
170,3bf85af0-0824-456e-b402-e67770e0d954,169,Timor-Leste,Asia,1.68,0.57,18.81,99.35,22817,4,130,0,22669,0,18,256079,1361699,60,10475,5,95.0,0,188058,16756.0
171,0a14bd04-b96e-4afb-b4bf-8a4657740ccd,170,Taiwan,Asia,0.09,3.8,52.27,88.79,22463,136,853,0,19944,80,1666,12488341,23891067,1064,28008,2,36.0,0,522720,940.0
172,2777760e-308e-4b64-ae2a-32861952ca58,171,Burkina Faso,Africa,0.1,1.83,1.14,98.11,20822,71,381,6,20429,120,12,248995,21890129,1051,57454,88,17.0,0,11375,951.0
173,1004b1bb-30c2-49d2-b341-8a07c3fdcf99,172,Cayman Islands,North America,29.13,0.13,332.24,43.8,19529,0,25,0,8553,0,10951,222773,67052,3,2682,0,373.0,2,3322392,291252.0
174,a5595bac-dc78-412d-b4d6-a3dec5f10cff,173,Nicaragua,North America,0.27,1.21,0.0,23.01,18365,0,223,0,4225,0,13917,0,6760358,368,30316,0,33.0,0,0,2717.0
175,ade1dd49-6935-41ea-9387-173c6fabbdf2,174,Tajikistan,Asia,0.18,0.71,0.0,99.29,17388,0,124,0,17264,0,0,0,9906570,570,79892,0,13.0,0,0,1755.0
176,6b5f4ee7-4e90-42ac-9490-5a8052f01697,175,South Sudan,Africa,0.15,0.8,3.12,78.6,17184,0,138,0,13507,0,3539,356226,11419855,665,82753,32,12.0,1,31194,1505.0
177,8862c06a-6b2a-43dd-b0e7-65fa2c6adaac,176,Gibraltar,Europe,49.3,0.61,1573.33,96.02,16600,70,101,0,15940,77,559,529802,33674,2,333,0,2999.0,10,15733266,492962.0
178,bec0723e-b568-405c-aa9d-79c25dc00bc9,177,Equatorial Guinea,Africa,1.07,1.15,20.17,98.66,15902,0,183,0,15689,0,30,298992,1482322,93,8100,5,123.0,5,201705,10728.0
179,f23e58f6-ff0e-4fac-ac2f-a82c51b41d30,178,Liechtenstein,Europe,41.47,0.52,209.86,96.17,15889,128,83,0,15280,91,526,80413,38317,2,462,0,2166.0,11,2098625,414672.0
180,c830054b-710d-4310-8c0f-d3f68bdb773c,179,Djibouti,Africa,1.54,1.21,29.17,98.73,15580,0,189,0,15382,1,9,295415,1012753,65,5358,3,187.0,0,291695,15384.0
181,2e666397-1a93-4e38-a782-be34d6ea78b7,180,San Marino,Europe,43.95,0.75,418.09,97.15,14968,0,112,0,14541,0,315,142376,34054,2,304,0,3289.0,4,4180889,439537.0
182,5af2bc78-d5a6-4ba3-892b-a5e804f50f1c,181,CAR,Africa,0.29,0.77,1.63,46.82,14649,0,113,0,6859,0,7677,81294,4974422,340,44021,61,23.0,2,16342,2945.0
183,759b83e8-7188-4a7f-9cc9-d580187ac7ba,182,Grenada,North America,12.31,1.56,125.45,98.06,13967,0,218,0,13696,0,53,142284,113422,8,520,1,1922.0,4,1254466,123142.0
184,113949e6-d893-4803-9e79-ed404b7ef8f2,183,Bermuda,North America,19.96,1.03,1345.3,96.73,12354,0,127,0,11950,0,277,832485,61881,5,487,0,2052.0,0,13452998,199641.0
185,d310d75e-c9d9-4175-bfe9-77a72865fbb0,184,Gambia,Africa,0.47,3.05,6.14,96.81,11973,0,365,0,11591,0,17,155686,2533556,212,6941,16,144.0,0,61450,4726.0
186,10c001f9-5d62-4525-bfae-70dbdd7493d9,185,Greenland,North America,20.99,0.18,289.65,23.1,11953,0,21,0,2761,0,9171,164926,56940,5,2711,0,369.0,4,2896488,209923.0
187,7571007a-00f6-4500-bb60-f4fefbd4e388,186,Yemen,Asia,0.04,18.15,0.86,75.68,11803,0,2142,0,8933,0,728,265253,30957268,2623,14453,117,69.0,23,8568,381.0
188,17833c0d-21d8-4fa8-9744-2c39c541867f,187,Dominica,North America,16.3,0.53,249.36,97.59,11787,0,63,0,11503,0,221,180273,72294,6,1148,0,871.0,0,2493609,163043.0
189,cd8aca67-cf0e-4935-ba90-40fbeba12f31,188,Monaco,Europe,26.41,0.51,138.37,96.13,10490,59,54,0,10084,89,352,54960,39721,4,736,1,1359.0,4,1383651,264092.0
190,eb3c622c-4e09-4e76-9f62-5986ec532511,189,Solomon Islands,Australia/Oceania,1.46,1.24,0.71,21.05,10426,0,129,0,2195,0,8102,5117,715889,69,5550,140,180.0,1,7148,14564.0
191,e874ebf4-8dc3-4430-8cee-7188fe21b727,190,Saint Martin,North America,24.9,0.64,282.35,14.11,9912,0,63,0,1399,0,8450,112382,39802,4,632,0,1583.0,7,2823526,249033.0
192,73a44b22-4103-4219-abf6-6a9052c5a6ea,191,Eritrea,Africa,0.27,1.06,0.65,98.93,9724,1,103,0,9620,1,1,23693,3630987,373,35252,153,28.0,0,6525,2678.0
193,e5f66c08-7ee3-42ef-8794-bc5893959c2d,192,Sint Maarten,North America,22.14,0.89,141.96,98.81,9677,0,86,0,9562,0,29,62056,43715,5,508,1,1967.0,10,1419559,221366.0
194,ff4865bd-4235-44b3-89a7-d5780521117c,193,Niger,Africa,0.03,3.5,0.93,96.27,8799,0,308,0,8471,0,20,238965,25714627,2922,83489,108,12.0,1,9293,342.0
195,1a7c2436-654a-4ee5-b441-c5ecca24cdb3,194,Guinea-Bissau,Africa,0.4,2.08,6.25,87.41,8125,0,169,0,7102,0,854,127980,2048100,252,12119,16,83.0,6,62487,3967.0
196,1ab1822a-8b0c-42bd-afe6-fb7e43d89d69,195,Comoros,Africa,0.9,1.98,0.0,97.9,8081,0,160,0,7911,0,10,0,901504,112,5634,0,177.0,0,0,8964.0
197,7c640202-55e5-4657-9891-f36fc57df35b,196,Caribbean Netherlands,North America,30.17,0.39,113.07,96.16,8039,0,31,0,7730,0,278,30126,26643,3,859,1,1164.0,0,1130729,301730.0
198,efc676e5-a2c5-4d3b-9572-257b5e001d39,197,Sierra Leone,Africa,0.09,1.63,3.15,0.0,7674,0,125,0,7549,0,0,259958,8256381,1076,66051,32,15.0,0,31486,929.0
199,a9022093-264b-4ef7-8040-1af903412df3,198,Antigua and Barbuda,North America,7.53,1.8,19.03,98.12,7482,0,135,0,7341,0,6,18901,99326,13,736,5,1359.0,1,190293,75328.0
200,66685d8a-d2f8-45e9-b5b5-047535dbb566,199,Liberia,Africa,0.14,3.97,2.66,77.69,7397,0,294,0,5747,0,1356,139824,5262390,711,17899,38,56.0,2,26570,1406.0
201,eb98badf-bb25-4255-89eb-930e5be74222,200,Chad,Africa,0.04,2.61,1.11,66.9,7286,0,190,0,4874,0,2222,191341,17237316,2366,90723,90,11.0,0,11100,423.0
202,8ea1486d-6647-4b7c-835e-a2788a6a5b7b,201,St. Vincent Grenadines,North America,6.05,1.57,88.26,98.38,6746,0,106,0,6637,0,3,98446,111547,17,1052,1,950.0,0,882552,60477.0
203,f4a6f24f-8b9a-4f70-b7f0-3c1a3cbdfbff,202,British Virgin Islands,North America,19.96,1.02,330.83,0.0,6104,0,62,0,6042,0,0,101161,30578,5,493,0,2028.0,1,3308294,199621.0
204,85061c40-883d-44e2-9a50-c6c0b5de2a54,203,Sao Tome and Principe,Africa,2.63,1.23,12.84,98.67,5944,1,73,0,5865,1,6,29036,226169,38,3098,8,323.0,0,128382,26281.0
205,acee9dc8-0b7d-4eb7-9f1a-5e682db302ae,204,Turks and Caicos,North America,14.86,0.61,1101.07,98.95,5888,0,36,0,5826,0,26,436234,39619,7,1101,0,909.0,4,11010727,148616.0
206,6bcba3d3-d887-47d5-bdcd-7282cf91cc1e,205,Saint Kitts and Nevis,North America,10.3,0.76,120.97,99.24,5548,0,42,0,5506,0,0,65141,53847,10,1282,1,780.0,0,1209742,103033.0
207,399cc203-6843-4a31-b599-5fe5a0365cb6,208,St. Barth,North America,38.07,0.16,792.08,0.0,3780,0,6,0,3774,0,0,78646,9929,3,1655,0,604.0,0,7920838,380703.0
208,834d4b30-7863-48af-bee8-54b606081edf,210,Anguilla,North America,17.28,0.34,337.29,99.32,2633,0,9,0,2615,0,9,51382,15234,6,1693,0,591.0,4,3372850,172837.0
209,2223fb5d-b4b7-44f6-a006-ade92c817990,211,Vanuatu,Australia/Oceania,0.61,0.05,7.82,28.27,1963,263,1,0,555,227,1407,24976,319505,163,319505,13,3.0,4,78171,6144.0
210,f3f7c897-e88f-426f-b804-efc3ea76a20c,212,Saint Pierre Miquelon,North America,31.0,0.06,304.89,72.09,1781,0,1,0,1284,0,496,17516,5745,3,5745,0,174.0,1,3048912,310009.0
211,a24e99b5-d592-437a-bbeb-eb19bdfbc803,214,Samoa,Australia/Oceania,0.44,0.0,0.0,6.86,889,93,0,0,61,0,828,0,200686,226,0,0,0.0,0,0,4430.0
212,b230d5ca-c30a-4d22-814e-53ceccfb8364,215,Diamond Princess,,0.0,1.83,0.0,98.17,712,0,13,0,699,0,0,0,0,0,0,0,0.0,0,0,0.0
213,f2e9f8ce-c9cd-4ba0-bebe-bb0a853870c3,216,Wallis and Futuna,Australia/Oceania,4.17,1.54,188.15,96.48,454,0,7,0,438,0,9,20508,10900,24,1557,1,642.0,0,1881468,41651.0
214,563abe42-b4b2-4102-81a5-e65bcd3b8faa,217,Montserrat,North America,3.48,1.15,176.03,98.85,174,0,2,0,172,0,0,8796,4997,29,2499,1,400.0,0,1760256,34821.0
215,ec87cb7a-533c-4ed1-a2bd-7eb05549f552,218,Falkland Islands,South America,3.26,0.0,236.23,0.0,119,0,0,0,0,0,0,8632,3654,31,0,0,0.0,0,2362343,32567.0
216,4f5de98a-49e3-4394-9534-b4b0c800ff96,219,Macao,Asia,0.01,0.0,0.8,97.56,82,0,0,0,80,0,2,5318,664586,8105,0,125,0.0,0,8002,123.0
217,f4fd07f5-e786-4153-bafe-7b35194a7eef,220,Vatican City,Europe,3.61,0.0,0.0,96.55,29,0,0,0,28,0,1,0,804,28,0,0,0.0,0,0,36070.0
218,98a06a3a-311a-445f-9caf-3b967e1ffef5,221,Western Sahara,Africa,0.0,10.0,0.0,80.0,10,0,1,0,8,0,1,0,622628,62263,622628,0,2.0,0,0,16.0
219,fa63e305-e10f-4b5d-a400-2edd6dcab0f4,222,MS Zaandam,,0.0,22.22,0.0,77.78,9,0,2,0,7,0,0,0,0,0,0,0,0.0,0,0,0.0
220,4088c3ae-7003-40cf-971a-8db0325a24a0,223,Marshall Islands,Australia/Oceania,0.01,0.0,0.0,100.0,7,0,0,0,7,0,0,0,59878,8554,0,0,0.0,0,0,117.0
221,eb9b3fbc-6738-4a35-a943-42a0e05ea149,227,China,Asia,0.01,3.3,11.12,77.58,140651,1366,4638,0,109119,725,26894,160000000,1439323776,10233,310333,9,3.0,50,111163,98.0
