id,rank,Country,Continent,Infection_Risk,Case_Fatality_Rate,Test_Percentage,Recovery_Proporation,TotalCases,NewCases,TotalDeaths,NewDeaths,TotalRecovered,NewRecovered,ActiveCases,TotalTests,Population,one_Caseevery_X_ppl,one_Deathevery_X_ppl,one_Testevery_X_ppl,Deaths_1M_pop,Serious_Critical,Tests_1M_Pop,TotCases_1M_Pop
"63492a0f-56d7-4c00-9ac1-d64fd5414029",0,Total:,All,0.0,1.28,0.0,86.36,481679927,811262,6147519,1969,415965349,644581,59567059,0,0,0,0,0,788.7,58821,0,61795
"40f44943-8413-4a31-a4df-deee8111f85f",0,World,All,0.0,1.28,0.0,86.36,481679927,811262,6147519,1969,415965349,644581,59567059,0,0,0,0,0,788.7,58821,0,61795
"be02608d-a52f-4586-ae9b-220dee7daaf1",1,USA,"North America",24.41,1.23,292.59,78.74,81617564,628,1003428,3,64268976,0,16345160,978293345,334358250,4,333,0,3001.0,2307,2925884,244102
"f6ecf8d7-5867-42dc-9290-24fda4cb14f0",2,India,Asia,3.07,1.21,56.07,98.75,43019453,0,521034,0,42482262,0,16157,786922965,1403458058,33,2694,2,371.0,8944,560703,30652
"338a3103-483a-4292-9559-1aac2ed47a90",3,Brazil,"South America",13.86,2.21,29.64,95.42,29832179,0,658812,0,28464436,0,708931,63776166,215171525,7,327,3,3062.0,8318,296397,138644
"911f9162-c39d-4e1c-9768-4d147cce2604",4,France,Europe,38.03,0.57,387.81,91.96,24919399,0,141631,0,22915695,0,1862073,254106036,65523221,3,463,0,2162.0,1564,3878107,380314
"6b196012-2ecd-45e8-aac2-9379e5300894",5,UK,Europe,30.2,0.79,730.94,90.78,20691123,0,164454,0,18783177,0,1743492,500714605,68502521,3,417,0,2401.0,302,7309433,302049
"4be614b7-9865-4e78-a841-7dca20abd314",6,Germany,Europe,24.03,0.64,124.28,77.64,20245069,74939,128944,187,15718500,72500,4397625,104701826,84247107,4,653,1,1531.0,2494,1242794,240306
"8d1ed383-8d38-4bf0-9931-ed46922de1a4",7,Russia,Europe,12.16,2.07,187.21,93.76,17762742,23280,367351,338,16654231,47540,741160,273400000,146042647,8,398,1,2515.0,2300,1872056,121627
"a30588f4-4e4b-4e3b-92b2-1baeb341682e",8,Turkey,Asia,17.22,0.66,177.42,97.65,14789483,0,97736,0,14441455,0,250292,152414773,85907818,6,879,1,1138.0,975,1774167,172155
"55dd283b-20e8-49ac-96f9-774f05abdfa9",9,Italy,Europe,23.82,1.11,330.01,90.1,14364723,59555,158782,82,12943050,52022,1262891,199024140,60308121,4,380,0,2633.0,464,3300122,238189
"bc4902f3-885b-4666-bbae-a159b53c831b",10,"S. Korea",Asia,23.01,0.13,30.78,0.0,11815841,318130,14899,282,11800942,0,0,15804065,51345468,4,3446,3,290.0,1216,307799,230124
"63ceffad-0f5b-4c16-9ac6-9a3e037159ab",11,Spain,Europe,24.48,0.89,1006.79,93.92,11451676,0,102392,0,10755608,0,593676,471036328,46786087,4,457,0,2189.0,510,10067872,244767
"7b0615b0-8cf9-43f0-82a9-55f99f273ff2",12,Argentina,"South America",19.66,1.42,76.8,97.9,9025257,0,127904,0,8835483,0,61870,35259438,45912705,5,359,1,2786.0,603,767967,196574
"de1a2462-a817-4b62-839f-9c0f5f717eda",13,Vietnam,Asia,9.12,0.47,84.89,59.39,9011473,91916,42306,48,5351978,185861,3617189,83920695,98852588,11,2337,1,428.0,3447,848948,91161
"7d4fc69a-8af7-4d94-8b6e-61be6d099a90",14,Netherlands,Europe,45.08,0.28,122.71,80.61,7753878,25013,21898,6,6250601,37519,1481379,21107399,17200419,2,785,1,1273.0,161,1227144,450796
"fa5c2b0a-f283-406a-9d80-2ec4c1309a62",15,Iran,Asia,8.33,1.96,57.07,95.86,7151088,2299,140021,50,6854816,4291,156251,48991010,85851169,12,613,2,1631.0,1577,570650,83296
"905d7fab-0083-4209-8a10-61f8b3e74994",16,Japan,Asia,5.03,0.44,34.01,92.84,6334154,47338,27699,98,5880936,49981,425519,42788405,125807095,20,4542,3,220.0,694,340111,50348
"f90f48b5-e45e-4039-b963-64af3ef07a1c",17,Colombia,"South America",11.74,2.29,65.23,97.25,6083291,0,139558,0,5916253,0,27480,33803790,51820384,9,371,2,2693.0,342,652326,117392
"2ff2436f-a569-44bf-ba29-083ad4f81f70",18,Indonesia,Asia,2.15,2.58,32.84,95.26,5998953,3077,154670,100,5714662,12499,129621,91472487,278523326,46,1801,3,555.0,2771,328419,21538
"6450f181-d69f-44f8-9707-e16ef455de60",19,Poland,Europe,15.73,1.93,93.81,88.91,5943227,3494,114828,7,5283971,2987,544428,35437379,37774948,6,329,1,3040.0,340,938119,157332
"6d301ced-1214-48a3-952e-ffc655c8c284",20,Mexico,"North America",4.3,5.71,11.82,87.56,5649977,2936,322735,101,4947014,2820,380228,15519390,131274364,23,407,8,2458.0,4798,118221,43039
"6c1e2aef-eb2e-4cf7-9382-ed1358459d13",21,Ukraine,Europe,11.44,2.18,45.11,0.0,4952913,0,107811,0,4845102,0,0,19521252,43279544,9,401,2,2491.0,177,451050,114440
"16766eed-520b-48d0-b7a1-f268b1b95520",22,Australia,Australia/Oceania,16.45,0.14,253.87,88.17,4279363,46502,5893,11,3773045,0,500425,66035230,26011302,6,4414,0,227.0,99,2538713,164519
"e104cdc2-f1cc-45de-a101-fc1d50310e23",23,Malaysia,Asia,12.46,0.84,168.04,93.27,4122004,0,34751,0,3844766,0,242487,55592016,33082767,8,952,1,1050.0,302,1680392,124597
"d16f103a-0088-436d-bac6-0a29535520f9",24,Israel,Asia,41.37,0.27,443.63,97.62,3858314,10293,10483,23,3766357,0,81474,41373364,9326000,2,890,0,1124.0,287,4436346,413716
"05633ff1-5dc7-49f6-b72a-2052c46ec3e1",25,Czechia,Europe,35.26,1.04,507.93,97.17,3788063,3518,39541,8,3680931,8782,67591,54568880,10743329,3,272,0,3681.0,100,5079327,352597
"fe31ac25-e0fe-49e9-a802-f00e0ed703d4",26,Belgium,Europe,32.39,0.81,279.45,92.5,3782085,0,30686,0,3498355,0,253044,32630945,11676824,3,381,0,2628.0,167,2794505,323897
"d2c89dbe-ab3b-4178-8d7d-1c908d7471c8",27,"South Africa",Africa,6.13,2.69,39.15,96.91,3712263,0,99965,0,3597725,0,14573,23727513,60601189,16,606,3,1650.0,546,391535,61257
"3648e894-a54c-41c8-8abf-4994e7b2b79c",28,Austria,Europe,40.66,0.42,1907.67,87.95,3698511,0,15665,0,3252752,0,430094,173506959,9095239,2,581,0,1722.0,238,19076679,406643
"f0e6ea86-a22d-405c-a0c7-63dbb2a2c03f",29,Philippines,Asia,3.28,1.6,25.74,97.23,3676991,330,59015,131,3575141,846,42835,28851194,112101986,30,1900,4,526.0,289,257366,32800
"c5905947-ac1b-4bbb-8985-e794bb6ab6c3",30,Peru,"South America",10.5,5.98,84.44,0.0,3544862,0,212102,0,3332760,0,0,28511805,33765703,10,159,1,6282.0,495,844401,104984
"9fb86a08-d197-4fcb-b08a-bebbe5f6c642",31,Portugal,Europe,34.83,0.61,391.65,0.0,3534003,0,21545,0,3512458,0,0,39734174,10145309,3,471,0,2124.0,64,3916507,348339
"b012c316-0e20-4bfe-9ce2-edf9dcca2f0b",32,Thailand,Asia,5.03,0.7,24.64,92.16,3529085,25821,24802,84,3252350,24066,251933,17270775,70102784,20,2826,4,354.0,1496,246364,50342
"4a532c8d-46b7-45ea-b6a4-eb4966239356",33,Chile,"South America",17.78,1.63,181.74,84.97,3450094,7076,56381,83,2931593,31077,462120,35257498,19399868,6,344,1,2906.0,670,1817409,177841
"e25f14b6-e3e8-4944-bef8-81d695a18188",34,Canada,"North America",8.98,1.09,154.46,94.94,3441488,2215,37424,4,3267279,1638,136785,59181662,38314210,11,1024,1,977.0,409,1544640,89823
"1653a805-d080-4261-8e3f-dd2c7fef64bf",35,Switzerland,Europe,38.84,0.4,233.83,80.16,3403549,0,13646,0,2728386,17542,661517,20493186,8764039,3,642,0,1557.0,150,2338327,388354
"311c2c2c-2484-42eb-a30b-e163a001a74e",36,Greece,Europe,28.35,0.93,705.74,90.7,2930321,13429,27268,52,2657700,26564,245353,72938059,10335038,4,379,0,2638.0,342,7057358,283533
"9aa3efef-70e8-4d44-bb06-5113e05a298a",37,Denmark,Europe,49.71,0.19,2174.39,96.8,2896593,3195,5585,2,2803867,6271,87141,126711987,5827466,2,1043,0,958.0,25,21743926,497059
"4a525969-421a-4975-ae32-bfca080f31ec",38,Romania,Europe,14.94,2.28,115.53,91.76,2840788,1939,64905,8,2606660,0,169223,21969296,19015838,7,293,1,3413.0,394,1155316,149391
"1846091c-6ef4-4641-8231-afcf4a6a77b6",39,Sweden,Europe,24.31,0.73,180.08,97.65,2481736,0,18155,0,2423315,3353,40266,18382831,10208133,4,562,1,1778.0,32,1800802,243114
"7d322f05-e02b-40f5-bd69-577adea222a3",40,Iraq,Asia,5.55,1.08,43.78,98.34,2317977,230,25150,1,2279609,883,13218,18294182,41781848,18,1661,2,602.0,56,437850,55478
"cc09f3b8-9fd0-44ca-859c-ad9524bf9f28",41,Serbia,Europe,22.69,0.8,105.21,97.36,1969044,1273,15758,12,1917068,2368,36218,9128244,8676527,4,551,1,1816.0,38,1052062,226939
"c41513ff-6514-470a-b9f1-ff13a051cad2",42,Bangladesh,Asia,1.16,1.49,8.23,96.23,1951282,43,29118,0,1877804,673,44360,13787954,167525666,86,5753,12,174.0,1264,82304,11648
"d1e5413c-287a-449f-bd0d-6bfc56d0b365",43,Hungary,Europe,19.12,2.46,114.92,92.06,1839358,0,45258,0,1693393,0,100707,11053112,9617943,5,213,1,4706.0,70,1149218,191242
"802162af-bec2-4b62-849e-4ecbf1d9c380",44,Jordan,Asia,16.28,0.83,159.71,98.79,1689314,0,14003,0,1668852,0,6459,16575546,10378229,6,741,1,1349.0,276,1597146,162775
"785cd61b-3f21-4b2c-958a-ea07ecdad12c",45,Slovakia,Europe,30.88,1.14,124.89,92.08,1687425,5560,19270,19,1553860,7605,114295,6824373,5464214,3,284,1,3527.0,176,1248921,308814
"81672076-33c2-48e4-81d2-db6ce456cc78",46,Georgia,Asia,41.41,1.01,410.34,98.3,1646316,357,16708,4,1618403,3237,11205,16314971,3975929,2,238,0,4202.0,0,4103436,414071
"935ff8a6-77f1-4114-9403-9cbb7fa9cb99",47,Pakistan,Asia,0.67,1.99,11.98,97.47,1523900,310,30345,5,1485316,231,8239,27360248,228303614,150,7524,8,133.0,428,119842,6675
"aed73591-ee4f-4d22-a0f3-3d025d0b7821",48,Ireland,Europe,28.27,0.47,232.95,90.34,1422945,0,6710,0,1285502,8033,130733,11724746,5033128,4,750,0,1333.0,52,2329515,282716
"4d14f059-2c26-4982-8132-fcc9a3e1deb3",49,Norway,Europe,25.42,0.17,179.31,0.0,1396911,0,2339,0,1394572,0,0,9852076,5494524,4,2349,1,426.0,20,1793072,254237
"d1fc1231-ca5a-4f3c-b4cb-4770cdf15a98",50,Kazakhstan,Asia,6.81,1.05,60.4,98.62,1305040,23,13658,0,1287000,229,4382,11575012,19164925,15,1403,2,713.0,528,603969,68095
"75159d96-aba5-49fc-96a1-34fa22ef4770",51,Morocco,Africa,3.09,1.38,29.83,98.57,1162974,51,16057,0,1146288,49,629,11237010,37666782,32,2346,3,426.0,293,298327,30875
"a2f0283a-7995-4463-889c-5bfef1e7796d",52,Bulgaria,Europe,16.52,3.21,139.19,80.07,1133102,0,36429,0,907251,0,189422,9545600,6858023,6,188,1,5312.0,241,1391888,165223
"5de37feb-3a9b-42d2-8c09-345c543829a7",53,"Hong Kong",Asia,14.84,0.64,476.98,0.0,1128507,8037,7252,151,1121255,0,0,36260319,7602127,7,1048,0,954.0,115,4769760,148446
"28cc8b8a-2bf8-43a0-935a-02226843eecb",54,Croatia,Europe,26.94,1.42,114.7,97.65,1094059,961,15520,11,1068334,1753,10205,4658673,4061501,4,262,1,3821.0,40,1147032,269373
"49bd08ef-9b3b-49c0-b8e6-fa7816ff0700",55,Lebanon,Asia,16.1,0.94,70.81,96.25,1090498,0,10278,0,1049584,0,30636,4795578,6772604,6,659,1,1518.0,186,708085,161016
"e3509c74-070d-4629-b48e-478afa585c60",56,Cuba,"North America",9.61,0.78,114.19,98.86,1087183,822,8509,0,1074743,730,3931,12920253,11314664,10,1330,1,752.0,23,1141903,96086
"f7c6cb29-752b-4f13-b419-813680ad7e12",57,Singapore,Asia,18.0,0.12,395.92,94.59,1067157,0,1246,0,1009408,0,56503,23477384,5929883,6,4759,0,210.0,24,3959165,179963
"eea4bad6-f826-4771-b1e4-d43b3124a0de",58,Tunisia,Africa,8.59,2.72,37.4,0.0,1033731,0,28165,0,1005566,0,0,4500701,12032390,12,427,3,2341.0,63,374049,85912
"1fe0506d-1912-462f-880b-04c8ebeae16c",59,Lithuania,Europe,38.21,0.87,302.38,92.51,1015010,1994,8818,1,939006,1274,67186,8033158,2656635,3,301,0,3319.0,58,3023809,382066
"6743d550-56b6-4a61-9ef4-67cd895e11ef",60,Nepal,Asia,3.26,1.22,18.41,98.62,978332,15,11951,0,964823,215,1558,5529353,30042398,31,2514,5,398.0,100,184052,32565
"885c537d-9654-4502-8a5d-81bd424a659c",61,Belarus,Europe,10.16,0.71,135.71,96.8,959276,784,6785,7,928536,0,23955,12815911,9443949,10,1392,1,718.0,0,1357050,101576
"b9e72506-ad28-4266-8ab3-57bbb16ae65d",62,Slovenia,Europe,46.01,0.68,125.47,95.28,956742,1250,6475,4,911616,1136,38651,2609024,2079432,2,321,1,3114.0,52,1254681,460098
"5b87d5fe-3ba9-42e8-bb88-09ae079e1fcb",63,Bolivia,"South America",7.54,2.38,22.45,92.06,901292,184,21487,0,829710,1963,50095,2682016,11948233,13,556,4,1798.0,220,224470,75433
"5d7de038-91f5-4150-b3f0-ecb490d78997",64,UAE,Asia,8.81,0.26,1452.45,96.9,889797,0,2302,0,862229,0,25266,146653110,10096955,11,4386,0,228.0,0,14524489,88125
"6a4f1e2a-ae9b-4d53-8966-3364c7e486ec",65,Uruguay,"South America",25.28,0.81,170.54,98.22,883354,0,7150,0,867607,0,8597,5959510,3494543,4,489,1,2046.0,40,1705376,252781
"f86d0349-d502-4895-bf64-3364728f10c0",66,Ecuador,"South America",4.73,4.13,13.64,0.0,857299,0,35418,0,821881,0,0,2470170,18106074,21,511,7,1956.0,759,136428,47349
"dc7c0e8c-ad34-446d-a695-59fe62ef8c2d",67,Finland,Europe,15.2,0.35,185.96,5.45,844713,0,2985,0,46000,0,795728,10331340,5555601,7,1861,1,537.0,32,1859626,152047
"bb6306c0-534b-4377-9027-c92d4338c384",68,"Costa Rica","North America",16.13,0.99,75.64,94.95,834726,0,8266,0,792603,0,33857,3913872,5174531,6,626,1,1597.0,73,756372,161314
"c2273b77-1484-454b-a2a4-42478d4847df",69,Guatemala,"North America",4.45,2.1,22.67,96.26,823145,0,17274,0,792328,0,13543,4191788,18488239,22,1070,4,934.0,5,226727,44523
"0945c7b4-d129-4deb-9c5e-803aa859e387",70,Azerbaijan,Asia,7.69,1.22,64.89,98.73,791695,0,9679,0,781641,0,375,6681983,10297160,13,1064,2,940.0,0,648915,76885
"681d9074-d938-4db5-935b-c3468192b7a5",71,Latvia,Europe,42.73,0.71,379.82,93.21,790620,1137,5575,3,736915,2725,48130,7027307,1850151,2,332,0,3013.0,31,3798234,427327
"21d1365d-9bc7-4624-a17d-c30d5b86a35f",72,Panama,"North America",17.22,1.07,128.01,98.58,763280,0,8163,0,752440,0,2677,5673524,4432153,6,543,1,1842.0,10,1280083,172214
"8322c6dd-f9f8-4061-bf31-a64e1ba32344",73,"Saudi Arabia",Asia,2.1,1.2,116.01,97.74,750356,98,9039,1,733365,219,7952,41476336,35750887,48,3955,1,253.0,141,1160148,20988
"79b25104-b717-4a88-a9f8-deb868ddf519",74,"Sri Lanka",Asia,3.06,2.49,29.53,96.4,660890,93,16459,5,637119,31,7312,6368159,21568470,33,1310,3,763.0,0,295253,30641
"3a31a649-913a-4832-a625-b9ea1fc659c6",75,Paraguay,"South America",8.89,2.88,35.46,96.39,647836,0,18663,0,624457,0,4716,2582692,7283977,11,390,3,2562.0,38,354572,88940
"d6f78add-5ba5-4a09-9207-f7ec95db5e61",76,Kuwait,Asia,14.34,0.41,177.26,99.24,628130,0,2553,0,623331,0,2246,7763313,4379727,7,1716,1,583.0,10,1772556,143418
"656a97f0-ebc6-49bd-8aca-ba2b36ef2e5f",77,Myanmar,Asia,1.11,3.18,13.8,93.04,610858,130,19430,1,568349,404,23079,7598323,55040380,90,2833,7,353.0,0,138050,11098
"ff0aaa9f-fc0e-4469-a70f-cece3c15fbb2",78,"New Zealand",Australia/Oceania,11.95,0.04,138.11,80.81,597745,10278,223,6,483011,14598,114511,6908279,5002100,8,22431,1,45.0,0,1381076,119499
"d4008e11-6975-4ea6-a9d0-aa571c2604aa",79,Palestine,Asia,10.95,0.92,58.02,98.84,580873,0,5345,0,574144,0,1384,3078533,5306284,9,993,2,1007.0,17,580167,109469
"4b172cda-eece-4d9d-959d-5d9bd0152a7a",80,"Dominican Republic","North America",5.24,0.76,29.12,99.2,577841,0,4375,0,573202,0,264,3214009,11035957,19,2523,3,396.0,26,291231,52360
"8ffed1e8-55da-40c5-ba55-c8217745b6d4",81,Estonia,Europe,41.54,0.44,243.1,85.52,551714,647,2439,3,471804,2913,77471,3228608,1328077,2,545,0,1836.0,17,2431040,415423
"0d159598-c97e-485c-a17b-a34a82ae29bd",82,Bahrain,Asia,30.51,0.27,531.1,98.31,550362,0,1468,0,541056,0,7838,9579472,1803695,3,1229,0,814.0,7,5311027,305130
"a4bf948e-feab-40c2-a4f3-8f1845227cb0",83,Venezuela,"South America",1.84,1.09,11.87,98.55,520077,0,5677,0,512537,0,1863,3359014,28296649,54,4984,8,201.0,230,118707,18379
"40ec322d-781b-4601-a88e-ea02e883d286",84,Moldova,Europe,12.76,2.23,78.17,97.12,512602,216,11417,2,497832,334,3353,3140849,4017754,8,352,1,2842.0,61,781742,127584
"7fbd3cf9-04e1-4ecf-8187-7c1a53fcdd39",85,Libya,Africa,7.13,1.28,35.12,97.55,501495,75,6404,7,489231,221,5860,2470013,7032789,14,1098,3,911.0,114,351214,71308
"7844e28f-fac5-4139-9e38-10524822bcc6",86,Egypt,Africa,0.47,4.86,3.5,85.89,500889,0,24361,0,430198,0,46330,3693367,105669592,211,4338,29,231.0,122,34952,4740
"8b530d04-0043-48cc-938c-71395833398f",87,Ethiopia,Africa,0.39,1.6,3.86,92.25,469611,0,7492,0,433197,0,28922,4633008,119882716,255,16001,26,62.0,13,38646,3917
"75989859-6f57-4c6a-82de-9134e3698840",88,Mongolia,Asia,13.89,0.47,119.6,66.94,467982,25,2177,0,313256,0,152549,4030048,3369527,7,1548,1,646.0,192,1196028,138887
"f281c4d9-4a39-44d4-baa9-8deb858d73cb",89,Armenia,Asia,14.21,2.04,99.78,97.0,422458,14,8610,2,409790,33,4058,2966388,2972818,7,345,1,2896.0,0,997837,142107
"06e13c04-2cd2-4b58-89c9-bf5e9673e7de",90,Honduras,"North America",4.13,2.58,12.41,31.17,420621,0,10871,0,131100,0,278650,1263329,10176853,24,936,8,1068.0,105,124137,41331
"f2bd16b1-2a21-42c3-ba7a-62e372619ba6",91,Cyprus,Asia,33.54,0.23,775.19,30.33,410020,4314,932,0,124370,0,284718,9477138,1222553,3,1312,0,762.0,60,7751924,335380
"0c7482a0-3655-48e5-a002-ea7e84e9a5e0",92,Oman,Asia,7.28,1.1,468.96,98.56,388086,47,4250,0,382483,534,1353,25000000,5330967,14,1254,0,797.0,16,4689581,72798
"6f12c131-ea0a-4953-9249-e3a16555b940",93,"Bosnia and Herzegovina",Europe,11.55,4.19,53.33,51.28,374810,0,15702,0,192218,0,166890,1730820,3245540,9,207,2,4838.0,0,533292,115485
"d7b5b1f3-7613-497f-ad47-659c3e7b274f",94,Qatar,Asia,12.85,0.19,121.29,99.49,360868,164,677,0,359017,147,1174,3405613,2807805,8,4147,1,241.0,1,1212909,128523
"07e7a02c-dadf-46fd-b333-03cf9576b9e3",95,Réunion,Africa,36.1,0.21,173.16,96.07,327189,0,702,0,314338,0,12149,1569429,906358,3,1291,1,775.0,41,1731577,360993
"4d0b4ae2-5c78-4099-83c1-106807cc3ca4",96,Kenya,Africa,0.58,1.75,6.27,98.21,323374,9,5647,0,317590,9,137,3499532,55817614,173,9884,16,101.0,1,62696,5793
"8be534c1-1507-4eaa-a2a7-d3ddfecd8b35",97,Zambia,Africa,1.64,1.25,17.37,98.49,316501,0,3966,0,311731,0,804,3346905,19273185,61,4860,6,206.0,0,173656,16422
"a4a08077-a4ec-4cca-a3f9-da0271e814a2",98,"North Macedonia",Europe,14.64,3.02,91.42,96.31,305066,188,9206,3,293819,119,2041,1904444,2083226,7,226,1,4419.0,0,914180,146439
"fddf0a3a-754d-4938-bf36-23233f4a20ff",99,Albania,Europe,9.52,1.28,61.73,98.54,273387,0,3491,0,269399,0,497,1772991,2872364,11,823,2,1215.0,13,617258,95178
"c1312566-0372-4b3f-b856-2ab3f468b8f2",100,Algeria,Africa,0.59,2.59,0.51,67.11,265629,8,6873,0,178251,8,80505,230861,45219368,170,6579,196,152.0,10,5105,5874
"b9dfb35b-fcd7-4235-88db-3164f085fe32",101,Botswana,Africa,10.85,0.99,83.29,98.29,263950,0,2619,0,259434,0,1897,2026898,2433668,9,929,1,1076.0,1,832857,108458
"97dd3c39-1d10-44f7-b8db-6719494b8cd1",102,Nigeria,Africa,0.12,1.23,2.2,97.73,255296,0,3142,0,249495,0,2659,4726096,214965338,842,68417,45,15.0,11,21985,1188
"09427c33-6194-4989-a06e-4d6d52518b06",103,Zimbabwe,Africa,1.61,2.21,14.28,96.29,245767,0,5437,0,236659,0,3671,2175748,15236870,62,2802,7,357.0,12,142795,16130
"c0e96d03-21df-42c0-a932-ec088d305cba",104,Uzbekistan,Asia,0.69,0.69,4.02,99.07,237641,52,1637,0,235430,86,574,1377915,34307549,144,20958,25,48.0,23,40164,6927
"e4a3c6fe-8601-48ca-b352-666fda42efef",105,Montenegro,Europe,37.05,1.16,191.94,98.56,232777,50,2698,0,229422,75,657,1205803,628203,3,233,1,4295.0,6,1919448,370544
"11b1c43d-0f5c-4503-855a-6bc5588790e2",106,Mozambique,Africa,0.69,0.98,3.95,98.59,225239,2,2200,0,222063,2,976,1293982,32767838,145,14894,25,67.0,13,39489,6874
"a1f7abfd-5e25-4c08-955a-c61a8ad19665",107,Luxembourg,Europe,32.35,0.49,643.6,91.17,208223,0,1025,0,189841,0,17357,4142082,643578,3,628,0,1593.0,3,6436022,323540
"a173c7c0-6c68-4505-a21e-303b977f4432",108,Kyrgyzstan,Asia,2.99,1.49,28.42,97.66,200879,11,2984,0,196170,16,1725,1907195,6710214,33,2249,4,445.0,131,284223,29936
"4fd8c9f5-b433-4ae4-b8a0-3b04a1841304",109,Iceland,Europe,51.7,0.05,542.22,42.43,178385,0,97,0,75685,0,102603,1871047,345072,2,3557,0,281.0,3,5422193,516950
"a22a19dd-cd37-4b17-bb78-214d939dcba6",110,Afghanistan,Asia,0.44,4.32,2.27,90.47,177520,41,7662,2,160597,114,9261,917326,40442976,228,5278,44,189.0,1124,22682,4389
"3aae6f72-2cd7-423d-9e01-c89c936d9d98",111,Maldives,Asia,31.36,0.17,397.46,93.72,174658,0,297,0,163687,0,10674,2213831,556996,3,1875,0,533.0,25,3974590,313571
"a07df09d-690a-4ca7-8d76-0b01a071ea51",112,Laos,Asia,2.25,0.39,13.58,4.56,167993,1466,660,6,7660,0,159673,1012890,7458029,44,11300,7,88.0,0,135812,22525
"38c9ecad-032b-490b-b53d-3926970e07e3",113,Uganda,Africa,0.34,2.19,5.27,61.13,163843,0,3595,0,100163,0,60085,2542633,48235494,294,13417,19,75.0,7,52713,3397
"0eabfcba-af61-47f8-9054-217d94a00c7d",114,"El Salvador","North America",2.46,2.56,28.24,87.64,161052,0,4116,0,141145,0,15791,1847861,6542786,41,1590,4,629.0,45,282427,24615
"45d2c117-d4d7-4ad4-92c2-a18419a2ac40",115,Ghana,Africa,0.5,0.9,7.49,99.06,160925,0,1445,0,159409,0,71,2410734,32193606,200,22279,13,45.0,1,74882,4999
"30371056-ab76-408a-ab94-6e90ea8d6727",116,Namibia,Africa,6.01,2.55,37.38,97.14,157576,0,4018,0,153069,0,489,979582,2620421,17,652,3,1533.0,3,373826,60134
"b191f56d-eaf8-4a97-b1d3-e220e20aa686",117,Martinique,"North America",37.73,0.64,215.59,0.07,141415,0,909,0,104,0,140402,807954,374762,3,412,0,2426.0,8,2155912,377346
"b1c7dda7-4fd3-4c84-9385-4a67aae6d0af",118,"Trinidad and Tobago","North America",9.7,2.73,47.42,91.72,136561,0,3729,0,125249,0,7583,667346,1407323,10,377,2,2650.0,18,474195,97036
"f01f73fb-71ea-4624-b07e-e86ac91bc8aa",119,Cambodia,Asia,0.79,2.25,17.07,97.01,135461,59,3054,0,131413,62,994,2921472,17118883,126,5605,6,178.0,0,170658,7913
"c784559e-003a-490b-9753-4b23ee5fdb39",120,Brunei,Asia,29.55,0.15,161.4,94.72,131403,792,202,0,124465,1560,6736,717784,444720,3,2202,1,454.0,10,1614013,295474
"30ac458c-b000-48f2-abc7-7c4c1c3e590c",121,Guadeloupe,"North America",32.66,0.64,234.37,1.72,130705,0,843,0,2250,0,127612,938039,400242,3,475,0,2106.0,19,2343680,326565
"1f86fa0e-6fd9-4730-87fd-0ddbc0f36c5a",122,Rwanda,Africa,0.96,1.12,37.57,35.1,129708,0,1458,0,45522,0,82728,5073959,13506841,104,9264,3,108.0,0,375658,9603
"6441ca62-ed56-432f-b0c0-3024122e2588",123,Jamaica,"North America",4.31,2.24,30.75,62.82,128679,18,2879,4,80830,157,44970,917304,2983512,23,1036,3,965.0,25,307458,43130
"34f83a43-85ad-481a-a2ee-85187b17353c",124,Cameroon,Africa,0.43,1.61,6.33,98.25,119544,0,1927,0,117455,0,162,1751774,27687317,232,14368,16,70.0,13,63270,4318
"b50812db-56f1-447e-968b-526934c83624",125,Angola,Africa,0.29,1.92,4.3,97.91,99106,0,1900,0,97037,0,169,1490293,34631760,349,18227,23,55.0,0,43033,2862
"cd1dfb64-b4f2-4661-b570-66a98c26eeb1",126,DRC,Africa,0.09,1.54,0.9,58.8,86611,0,1335,0,50930,0,34346,846704,94263560,1088,70609,111,14.0,0,8982,919
"35347f67-6496-45b8-b013-622e97792c33",127,Senegal,Africa,0.49,2.29,5.94,97.67,85868,8,1964,0,83871,9,33,1039551,17506073,204,8913,17,112.0,1,59382,4905
"b7cb925f-fc60-4ed0-b0d8-fd0a77dae164",128,Malawi,Africa,0.43,3.07,2.8,92.23,85608,0,2626,0,78960,0,4022,559765,19983813,233,7610,36,131.0,67,28011,4284
"bbfdfb8a-1a86-4ad2-a36c-38f6c9cbf0c4",129,"Ivory Coast",Africa,0.3,0.97,5.33,99.0,81697,0,796,0,80876,0,25,1465626,27506633,337,34556,19,29.0,0,53283,2970
"93bf229f-1445-4ce5-aa0a-63c907479092",130,Suriname,"South America",13.29,1.67,39.44,62.38,79150,17,1324,0,49376,0,28450,234970,595718,8,450,3,2223.0,0,394432,132865
"80ba148c-004a-40fa-8304-1b4195fc4a28",131,"French Guiana","South America",25.2,0.5,195.24,14.31,78649,0,394,0,11254,0,67001,609252,312054,4,792,1,1263.0,4,1952393,252037
"90d0759a-ecb8-4dd3-9312-e8f952e2834f",132,Malta,Europe,17.38,0.82,273.11,93.39,77102,353,631,1,72006,163,4465,1211456,443576,6,703,0,1423.0,4,2731113,173819
"6b425e6c-2b37-480f-bfe9-3531d926ef63",133,"French Polynesia",Australia/Oceania,25.33,0.9,0.0,0.0,71868,0,646,0,71222,0,0,0,283715,4,439,0,2277.0,7,0,253311
"5f88cfd7-6a96-4234-86e2-050ea154a08d",134,Eswatini,Africa,5.9,2.0,42.31,97.96,69664,1,1393,0,68243,20,28,499607,1180929,17,848,2,1180.0,11,423063,58991
"797ccfb3-faf9-46fe-8e11-db4c9ea50700",135,"Channel Islands",Europe,37.33,0.23,700.95,90.38,65931,0,150,0,59589,0,6192,1238103,176633,3,1178,0,849.0,0,7009466,373265
"7b513adb-ea2d-490b-a0d5-8f9f7af33ddc",136,Fiji,Australia/Oceania,7.09,1.3,55.55,97.17,64376,0,834,0,62557,0,985,504187,907675,14,1088,2,919.0,0,555471,70924
"e13ba956-f90f-4d60-a37f-4dfe17710fe1",137,Madagascar,Africa,0.22,2.16,1.42,92.61,64009,0,1384,0,59280,0,3345,410717,28920674,452,20896,70,48.0,19,14202,2213
"d53fe90c-410d-4315-a7ba-941fab44867d",138,Guyana,"South America",7.97,1.94,71.13,97.93,63232,0,1226,0,61921,0,85,564105,793114,13,647,1,1546.0,1,711253,79726
"7d476ff7-09ba-4720-a954-8116aa4732af",139,Sudan,Africa,0.14,7.92,1.23,0.0,61889,0,4901,0,56988,0,0,562941,45617948,737,9308,81,107.0,0,12340,1357
"0bc14339-2009-4132-a9f6-2a27ed8dd533",140,"New Caledonia",Australia/Oceania,20.73,0.52,34.1,98.53,60167,0,310,0,59280,0,577,98964,290243,5,936,3,1068.0,14,340969,207299
"34e08b74-4426-4f8f-ba04-2ad3268d57ed",141,Mauritania,Africa,1.21,1.67,15.95,98.31,58666,0,982,0,57677,0,7,775303,4860762,83,4950,6,202.0,0,159502,12069
"c8f46d40-0f9b-4a75-bbca-97461b78c8b8",142,Barbados,"North America",20.28,0.57,211.07,97.8,58393,0,330,0,57108,0,955,607845,287983,5,873,0,1146.0,0,2110698,202765
"c6f18a23-8f0d-43b2-9824-43841ad9e91b",143,Belize,"North America",13.96,1.14,126.46,98.29,57231,0,654,0,56255,0,322,518619,410102,7,627,1,1595.0,6,1264610,139553
"1b4c6f13-6569-42c4-ac46-70aac0a61cf1",144,"Cabo Verde",Africa,9.88,0.72,70.79,99.15,55947,0,401,0,55474,0,72,400982,566425,10,1413,1,708.0,23,707917,98772
"86c418c9-9bad-4c05-90a0-31f87650ee52",145,Syria,Asia,0.31,5.63,0.8,92.4,55650,0,3133,0,51423,0,1094,146269,18235061,328,5820,125,172.0,0,8021,3052
"9151888a-1e30-41cf-83ac-6b30b75199ba",146,Gabon,Africa,2.05,0.64,68.55,99.33,47584,0,303,0,47263,0,18,1587821,2316461,49,7645,1,131.0,0,685451,20542
"1d10595e-15e7-4d0f-a990-6b45b1af1120",147,"Papua New Guinea",Australia/Oceania,0.45,1.54,2.7,96.08,41533,0,639,0,39905,0,989,249149,9239880,222,14460,37,69.0,7,26965,4495
"9390f297-9b1c-4460-9969-09162343cfaa",148,Curaçao,"North America",24.34,0.66,298.99,98.1,40217,0,267,0,39453,0,497,494095,165253,4,619,0,1616.0,3,2989931,243366
"d7bf6e66-1301-41b6-abef-9d561247123d",149,Seychelles,Africa,40.23,0.41,0.0,98.94,39991,0,163,0,39566,0,262,0,99400,2,610,0,1640.0,0,0,402324
"3a152b44-2832-418e-853e-50a89cacf701",150,Andorra,Europe,51.26,0.39,322.46,97.88,39713,0,153,0,38871,0,689,249838,77479,2,506,0,1975.0,14,3224590,512565
"7d567c91-c413-4427-b015-408a660c2fb7",151,Burundi,Africa,0.31,0.1,2.77,2.01,38440,0,38,0,773,0,37629,345742,12502381,325,329010,36,3.0,0,27654,3075
"23047b40-5204-4d21-a200-b219d68f6fdc",152,Togo,Africa,0.43,0.74,8.3,99.09,36917,6,272,0,36581,0,64,715386,8613920,233,31669,12,32.0,0,83050,4286
"ba51f892-30dd-43c5-a994-f70954fc88d5",153,Mayotte,Africa,12.93,0.51,62.25,8.07,36745,0,187,0,2964,0,33594,176919,284186,8,1520,2,658.0,0,622547,129299
"110c186f-54e9-4114-8646-c55536cbf62c",154,Guinea,Africa,0.27,1.21,4.8,98.68,36459,0,440,0,35976,0,43,660107,13748067,377,31246,21,32.0,8,48015,2652
"fd80c13b-96b1-49cb-8612-2fc3c13907fd",155,Mauritius,Africa,2.81,2.7,28.12,91.86,35850,0,968,0,32931,0,1951,358675,1275417,36,1318,4,759.0,0,281222,28108
"2cd14646-419f-420e-83f3-004a8647ec65",156,"Faeroe Islands",Europe,69.61,0.08,1581.82,22.47,34237,0,28,0,7693,0,26516,778000,49184,1,1757,0,569.0,5,15818152,696100
"ebe06cac-5d5c-4fdd-bfe0-7fb7b27fbf19",157,Aruba,"North America",31.55,0.62,165.4,99.22,33929,0,212,0,33663,0,54,177885,107550,3,507,1,1971.0,2,1653975,315472
"10f44464-c1a6-4339-b9a7-cc76ca8596d2",158,Tanzania,Africa,0.05,2.37,0.0,0.0,33797,0,800,0,32997,0,0,0,62672759,1854,78341,0,13.0,7,0,539
"26a055d8-a99d-4f17-9698-7ec229f92804",159,Bahamas,"North America",8.32,2.37,56.41,96.75,33249,0,788,0,32168,0,293,225483,399740,12,507,2,1971.0,11,564074,83177
"a5a50324-b8db-40ce-9a38-8c9f42b2257d",160,Lesotho,Africa,1.51,2.12,19.42,73.35,32880,0,697,0,24116,0,8067,421681,2171607,66,3116,5,321.0,0,194179,15141
"fe9ceb47-3198-44a6-977f-ad8a1c678ed7",161,Haiti,"North America",0.26,2.71,1.14,91.04,30511,0,827,0,27778,0,1906,132422,11642795,382,14078,88,71.0,0,11374,2621
"3333f6e7-a25a-4047-89f1-54968028405f",162,Mali,Africa,0.14,2.39,3.03,97.22,30470,0,727,0,29623,0,120,645141,21258204,698,29241,33,34.0,0,30348,1433
"1e9e5a58-50c9-4ff6-988d-2b7cdc2ae9c2",163,"Isle of Man",Europe,32.12,0.3,175.68,92.86,27566,0,82,0,25598,0,1886,150753,85811,3,1046,1,956.0,0,1756803,321241
"e2155710-14d8-4ee2-87c2-7d46c3ac1ef8",164,Benin,Africa,0.21,0.6,4.77,94.63,26952,0,163,0,25506,0,1283,604310,12671685,470,77740,21,13.0,5,47690,2127
"ecade240-f4b1-4d06-b965-d48fa3c4486b",165,Somalia,Africa,0.16,5.11,2.4,49.93,26400,0,1348,0,13182,0,11870,400466,16659052,631,12358,42,81.0,0,24039,1585
"bf5fe94d-de57-4ff8-b174-c1238e097c6c",166,Bhutan,Asia,3.19,0.04,265.34,87.7,25080,319,9,0,21995,344,3076,2086383,786295,31,87366,0,11.0,12,2653435,31896
"c149304f-2523-4a3e-bc83-3d34d9c222e2",167,Congo,Africa,0.42,1.6,6.05,83.86,24062,0,384,0,20178,0,3500,347815,5752711,239,14981,17,67.0,0,60461,4183
"cdb788e9-dee2-4809-993f-421c2223ef13",168,"Saint Lucia","North America",12.39,1.59,75.73,98.26,22929,10,365,0,22529,8,35,140162,185078,8,507,1,1972.0,1,757313,123888
"3bf85af0-0824-456e-b402-e67770e0d954",169,Timor-Leste,Asia,1.68,0.57,18.8,99.37,22821,0,130,0,22678,1,13,256079,1361836,60,10476,5,95.0,0,188040,16758
"0a14bd04-b96e-4afb-b4bf-8a4657740ccd",170,Taiwan,Asia,0.1,3.75,52.59,87.91,22769,203,853,0,20016,29,1900,12565468,23891302,1049,28009,2,36.0,0,525943,953
"2777760e-308e-4b64-ae2a-32861952ca58",171,"Burkina Faso",Africa,0.1,1.83,1.14,98.11,20822,0,381,0,20429,0,12,248995,21893273,1051,57463,88,17.0,0,11373,951
"1004b1bb-30c2-49d2-b341-8a07c3fdcf99",172,"Cayman Islands","North America",30.73,0.12,332.22,41.51,20606,0,24,0,8553,0,12029,222773,67056,3,2794,0,358.0,1,3322193,307295
"a5595bac-dc78-412d-b4d6-a3dec5f10cff",173,Nicaragua,"North America",0.27,1.21,0.0,23.01,18365,0,223,0,4225,0,13917,0,6760789,368,30317,0,33.0,0,0,2716
"ade1dd49-6935-41ea-9387-173c6fabbdf2",174,Tajikistan,Asia,0.18,0.71,0.0,99.29,17388,0,124,0,17264,0,0,0,9907743,570,79901,0,13.0,0,0,1755
"6b5f4ee7-4e90-42ac-9490-5a8052f01697",175,"South Sudan",Africa,0.15,0.8,3.12,78.6,17184,0,138,0,13507,0,3539,356226,11420571,665,82758,32,12.0,1,31192,1505
"8862c06a-6b2a-43dd-b0e7-65fa2c6adaac",176,Gibraltar,Europe,49.3,0.61,1573.33,96.02,16600,0,101,0,15940,0,559,529802,33674,2,333,0,2999.0,10,15733266,492962
"f23e58f6-ff0e-4fac-ac2f-a82c51b41d30",177,Liechtenstein,Europe,42.01,0.52,209.86,94.92,16098,81,83,0,15280,0,735,80413,38317,2,462,0,2166.0,11,2098625,420127
"bec0723e-b568-405c-aa9d-79c25dc00bc9",178,"Equatorial Guinea",Africa,1.07,1.15,20.27,98.68,15903,0,183,0,15693,0,27,300567,1482575,93,8102,5,123.0,5,202733,10727
"c830054b-710d-4310-8c0f-d3f68bdb773c",179,Djibouti,Africa,1.54,1.21,29.23,98.77,15580,0,189,0,15388,5,3,296053,1012832,65,5359,3,187.0,0,292302,15383
"2e666397-1a93-4e38-a782-be34d6ea78b7",180,"San Marino",Europe,43.95,0.75,418.09,97.15,14968,0,112,0,14541,0,315,142376,34054,2,304,0,3289.0,4,4180889,439537
"5af2bc78-d5a6-4ba3-892b-a5e804f50f1c",181,CAR,Africa,0.29,0.77,1.63,46.82,14649,0,113,0,6859,0,7677,81294,4974881,340,44025,61,23.0,2,16341,2945
"759b83e8-7188-4a7f-9cc9-d580187ac7ba",182,Grenada,"North America",12.33,1.56,125.86,98.03,13982,0,218,0,13707,0,57,142754,113424,8,520,1,1922.0,4,1258587,123272
"113949e6-d893-4803-9e79-ed404b7ef8f2",183,Bermuda,"North America",19.96,1.03,1345.32,96.73,12354,0,127,0,11950,0,277,832485,61880,5,487,0,2052.0,0,13453216,199644
"d310d75e-c9d9-4175-bfe9-77a72865fbb0",184,Gambia,Africa,0.47,3.05,6.14,96.7,11986,0,365,0,11591,0,30,155686,2533929,211,6942,16,144.0,0,61441,4730
"10c001f9-5d62-4525-bfae-70dbdd7493d9",185,Greenland,"North America",21.02,0.18,289.65,23.06,11971,0,21,0,2761,0,9189,164926,56940,5,2711,0,369.0,4,2896488,210239
"7571007a-00f6-4500-bb60-f4fefbd4e388",186,Yemen,Asia,0.04,18.15,0.86,75.68,11803,0,2142,0,8933,0,728,265253,30960866,2623,14454,117,69.0,23,8567,381
"17833c0d-21d8-4fa8-9744-2c39c541867f",187,Dominica,"North America",16.3,0.53,249.36,97.59,11787,0,63,0,11503,0,221,180273,72295,6,1148,0,871.0,0,2493575,163040
"cd8aca67-cf0e-4935-ba90-40fbeba12f31",188,Monaco,Europe,26.51,0.51,138.36,96.41,10530,0,54,0,10152,0,324,54960,39723,4,736,1,1359.0,4,1383581,265086
"eb3c622c-4e09-4e76-9f62-5986ec532511",189,"Solomon Islands",Australia/Oceania,1.46,1.24,0.71,21.05,10426,0,129,0,2195,0,8102,5117,715982,69,5550,140,180.0,1,7147,14562
"e874ebf4-8dc3-4430-8cee-7188fe21b727",190,"Saint Martin","North America",24.9,0.64,282.32,14.11,9912,0,63,0,1399,0,8450,112382,39806,4,632,0,1583.0,7,2823243,249008
"73a44b22-4103-4219-abf6-6a9052c5a6ea",191,Eritrea,Africa,0.27,1.06,0.65,98.93,9724,0,103,0,9620,0,1,23693,3631256,373,35255,153,28.0,0,6525,2678
"e5f66c08-7ee3-42ef-8794-bc5893959c2d",192,"Sint Maarten","North America",22.15,0.89,141.95,98.93,9682,0,86,0,9578,0,18,62056,43717,5,508,1,1967.0,10,1419494,221470
"ff4865bd-4235-44b3-89a7-d5780521117c",193,Niger,Africa,0.03,3.5,0.93,96.25,8801,0,308,0,8471,0,22,239326,25719444,2922,83505,107,12.0,1,9305,342
"7c640202-55e5-4657-9891-f36fc57df35b",194,"Caribbean Netherlands","North America",30.54,0.38,113.07,95.89,8136,0,31,0,7802,0,303,30126,26644,3,859,1,1163.0,0,1130686,305360
"1a7c2436-654a-4ee5-b441-c5ecca24cdb3",195,Guinea-Bissau,Africa,0.4,2.08,6.28,87.34,8131,0,169,0,7102,0,860,128552,2048355,252,12120,16,83.0,6,62759,3970
"1ab1822a-8b0c-42bd-afe6-fb7e43d89d69",196,Comoros,Africa,0.9,1.98,0.0,97.9,8081,0,160,0,7911,0,10,0,901606,112,5635,0,177.0,0,0,8963
"efc676e5-a2c5-4d3b-9572-257b5e001d39",197,"Sierra Leone",Africa,0.09,1.63,3.15,0.0,7674,0,125,0,7549,0,0,259958,8257270,1076,66058,32,15.0,0,31482,929
"a9022093-264b-4ef7-8040-1af903412df3",198,"Antigua and Barbuda","North America",7.53,1.8,19.03,98.12,7482,0,135,0,7341,0,6,18901,99331,13,736,5,1359.0,1,190283,75324
"66685d8a-d2f8-45e9-b5b5-047535dbb566",199,Liberia,Africa,0.14,3.97,2.66,77.69,7397,0,294,0,5747,0,1356,139824,5263041,712,17902,38,56.0,2,26567,1405
"eb98badf-bb25-4255-89eb-930e5be74222",200,Chad,Africa,0.04,2.61,1.11,66.9,7286,0,190,0,4874,0,2222,191341,17239902,2366,90736,90,11.0,0,11099,423
"8ea1486d-6647-4b7c-835e-a2788a6a5b7b",201,"St. Vincent Grenadines","North America",6.05,1.57,88.25,98.38,6746,0,106,0,6637,0,3,98446,111549,17,1052,1,950.0,0,882536,60476
"f4a6f24f-8b9a-4f70-b7f0-3c1a3cbdfbff",202,"British Virgin Islands","North America",20.08,1.01,332.31,0.0,6141,0,62,0,6079,0,0,101616,30579,5,493,0,2028.0,1,3323065,200824
"85061c40-883d-44e2-9a50-c6c0b5de2a54",203,"Sao Tome and Principe",Africa,2.63,1.23,12.84,98.67,5945,0,73,0,5866,1,6,29036,226191,38,3099,8,323.0,0,128369,26283
"acee9dc8-0b7d-4eb7-9f1a-5e682db302ae",204,"Turks and Caicos","North America",14.86,0.61,1100.99,98.95,5888,0,36,0,5826,0,26,436234,39622,7,1101,0,909.0,4,11009893,148604
"6bcba3d3-d887-47d5-bdcd-7282cf91cc1e",206,"Saint Kitts and Nevis","North America",10.3,0.76,120.97,99.24,5548,0,42,0,5506,0,0,65141,53849,10,1282,1,780.0,0,1209697,103029
"399cc203-6843-4a31-b599-5fe5a0365cb6",208,"St. Barth","North America",38.07,0.16,792.08,0.0,3780,0,6,0,3774,0,0,78646,9929,3,1655,0,604.0,0,7920838,380703
"834d4b30-7863-48af-bee8-54b606081edf",210,Anguilla,"North America",17.28,0.34,337.29,99.32,2633,0,9,0,2615,0,9,51382,15234,6,1693,0,591.0,4,3372850,172837
"2223fb5d-b4b7-44f6-a006-ade92c817990",211,Vanuatu,Australia/Oceania,0.69,0.05,7.82,25.41,2204,0,1,0,560,0,1643,24976,319544,145,319544,13,3.0,2,78161,6897
"f3f7c897-e88f-426f-b804-efc3ea76a20c",212,"Saint Pierre Miquelon","North America",31.0,0.06,304.89,72.09,1781,0,1,0,1284,0,496,17516,5745,3,5745,0,174.0,1,3048912,310009
"a24e99b5-d592-437a-bbeb-eb19bdfbc803",214,Samoa,Australia/Oceania,0.55,0.0,0.0,5.88,1105,0,0,0,65,0,1040,0,200693,182,0,0,0.0,0,0,5506
"b230d5ca-c30a-4d22-814e-53ceccfb8364",215,"Diamond Princess",,0.0,1.83,0.0,98.17,712,0,13,0,699,0,0,0,0,0,0,0,0.0,0,0,0
"f2e9f8ce-c9cd-4ba0-bebe-bb0a853870c3",216,"Wallis and Futuna",Australia/Oceania,4.17,1.54,188.16,96.48,454,0,7,0,438,0,9,20508,10899,24,1557,1,642.0,0,1881641,41655
"563abe42-b4b2-4102-81a5-e65bcd3b8faa",217,Montserrat,"North America",3.5,1.14,176.03,98.29,175,0,2,0,172,0,1,8796,4997,29,2499,1,400.0,0,1760256,35021
"ec87cb7a-533c-4ed1-a2bd-7eb05549f552",218,"Falkland Islands","South America",3.26,0.0,236.17,0.0,119,0,0,0,0,0,0,8632,3655,31,0,0,0.0,0,2361696,32558
"4f5de98a-49e3-4394-9534-b4b0c800ff96",219,Macao,Asia,0.01,0.0,0.8,97.56,82,0,0,0,80,0,2,5318,664634,8105,0,125,0.0,0,8001,123
"f4fd07f5-e786-4153-bafe-7b35194a7eef",220,"Vatican City",Europe,3.61,0.0,0.0,96.55,29,0,0,0,28,0,1,0,804,28,0,0,0.0,0,0,36070
"98a06a3a-311a-445f-9caf-3b967e1ffef5",221,"Western Sahara",Africa,0.0,10.0,0.0,80.0,10,0,1,0,8,0,1,0,622709,62271,622709,0,2.0,0,0,16
"fa63e305-e10f-4b5d-a400-2edd6dcab0f4",222,"MS Zaandam",,0.0,22.22,0.0,77.78,9,0,2,0,7,0,0,0,0,0,0,0,0.0,0,0,0
"4088c3ae-7003-40cf-971a-8db0325a24a0",223,"Marshall Islands",Australia/Oceania,0.01,0.0,0.0,100.0,7,0,0,0,7,0,0,0,59880,8554,0,0,0.0,0,0,117
"eb9b3fbc-6738-4a35-a943-42a0e05ea149",227,China,Asia,0.01,3.24,11.12,77.52,143240,1254,4638,0,111035,999,27567,160000000,1439323776,10048,310333,9,3.0,53,111163,100
